Nombre,Precio,Imagen,Categoría,URL
Outlet Motherboard ASRock H510 PRO BTC+ Mining S1200 DDR4,91999,https://www.venex.com.ar/products_images/thumb/1661193404_h510-princ.jpg,componentes-de-pc/motherboards/intel,https://www.venex.com.ar/componentes-de-pc/motherboards/intel/outlet-motherboard-asrock-h510-pro-btc-mining-s1200-ddr4.html
Motherboard ASRock H510 Pro BTC+ Mining S1200 DDR4,103499,https://www.venex.com.ar/products_images/thumb/1638903340_sdfsdfawefwe.jpg,componentes-de-pc/motherboards/intel,https://www.venex.com.ar/componentes-de-pc/motherboards/intel/motherboard-asrock-h510-pro-btc-s1200-ddr4.html
Motherboard MSI Pro H610M-G LGA1700 DDR5,117184,https://www.venex.com.ar/products_images/thumb/1778680859_diseno_sin_titulo_66jpg,componentes-de-pc/motherboards/intel,https://www.venex.com.ar/componentes-de-pc/motherboards/intel/motherboard-msi-pro-h610m-g-ddr5-lga1700.html
Motherboard Gigabyte H610M K LGA1700 DDR4,121899,https://www.venex.com.ar/products_images/thumb/1721313064_h610-1.jpg,componentes-de-pc/motherboards/intel,https://www.venex.com.ar/componentes-de-pc/motherboards/intel/motherboard-gigabyte-h610m-k-ddr4-lga1700.html
Motherboard MSI Pro H610M-B LGA1700 DDR5,123969,https://www.venex.com.ar/products_images/thumb/1780594754_motherboard_msi_pro_h610m-b_ddr5_s1700png,componentes-de-pc/motherboards/intel,https://www.venex.com.ar/componentes-de-pc/motherboards/intel/motherboard-msi-pro-h610m-b-ddr5-s1700.html
Motherboard Biostar Prime H610MH Micro ATX LGA1700 DDR5,124199,https://www.venex.com.ar/products_images/thumb/1723036850_h610-1.jpg,componentes-de-pc/motherboards/intel,https://www.venex.com.ar/componentes-de-pc/motherboards/intel/motherboard-biostar-prime-h610mh-d4-box-m-atx-s1700.html
Motherboard Gigabyte H610M K LGA1700 DDR4,127649,https://www.venex.com.ar/products_images/thumb/1789069862_motherboard_gigabyte_h610m_k_lga1700_ddr4_1png,componentes-de-pc/motherboards/intel,https://www.venex.com.ar/componentes-de-pc/motherboards/intel/motherboard-gigabyte-h610m-k-lga1700-ddr4.html
Motherboard ASUS Prime H610M-K D4 LGA1700 DDR4,131674,https://www.venex.com.ar/products_images/thumb/1650480852_dfgdfg.jpg,componentes-de-pc/motherboards/intel,https://www.venex.com.ar/componentes-de-pc/motherboards/intel/motherboard-asus-prime-h610m-k-d4-s1700.html
Motherboard Gigabyte H610M K V2 LGA1700 DDR5,133399,https://www.venex.com.ar/products_images/thumb/1728568522_1.jpg,componentes-de-pc/motherboards/intel,https://www.venex.com.ar/componentes-de-pc/motherboards/intel/motherboard-gigabyte-h610m-k-ddr5-lga1700.html
Motherboard MSI Pro H610m-a LGA1700 DDR4,133399,https://www.venex.com.ar/products_images/thumb/1779130634_motherboard_msi_pro_h610m-a_ddr4jpg,componentes-de-pc/motherboards/intel,https://www.venex.com.ar/componentes-de-pc/motherboards/intel/motherboard-msi-pro-h610m-a-ddr4-box-s1700.html
Motherboard ASUS Prime H610M-K LGA1700 DDR5,134549,https://www.venex.com.ar/products_images/thumb/1764605033_58.jpg,componentes-de-pc/motherboards/intel,https://www.venex.com.ar/componentes-de-pc/motherboards/intel/motherboard-asus-prime-h610m-k-ddr5-s1700.html
Motherboard Gigabyte B760M K V2 LGA1700 DDR4,164449,https://www.venex.com.ar/products_images/thumb/1740141059_4.jpg,componentes-de-pc/motherboards/intel,https://www.venex.com.ar/componentes-de-pc/motherboards/intel/motherboard-gigabyte-b760m-k-ddr4-s1700.html
Motherboard Gigabyte A520M-K V2 AM4 DDR4,90849,https://www.venex.com.ar/products_images/thumb/1686594197_a520-3.jpg,componentes-de-pc/motherboards/amd,https://www.venex.com.ar/componentes-de-pc/motherboards/amd/motherboard-gigabyte-a520m-k-v2-am4.html
Motherboard MSI A520M-A PRO AMD A520 AM4 DDR4,91424,https://www.venex.com.ar/products_images/thumb/1603986909_3456243562354.jpg,componentes-de-pc/motherboards/amd,https://www.venex.com.ar/componentes-de-pc/motherboards/amd/motherboard-msi-a520m-a-pro-am4-ddr4.html
Motherboard ASUS Prime A520M-K AM4 DDR4,94299,https://www.venex.com.ar/products_images/thumb/1603824949_p_setting_fff_1_90_end_600.jpg,componentes-de-pc/motherboards/amd,https://www.venex.com.ar/componentes-de-pc/motherboards/amd/motherboard-asus-prime-a520m-k-am4.html
Motherboard Gigabyte A520M S2H AM4 DDR4,133399,https://www.venex.com.ar/products_images/thumb/1601917104_20200817133028267a224b03d92426612e98bb1cf187b5e4_big.jpg,componentes-de-pc/motherboards/amd,https://www.venex.com.ar/componentes-de-pc/motherboards/amd/motherboard-gigabyte-a520m-s2h-sam4-3-gen.html
Motherboard MSI PRO A620AM-B EVO DDR5,137884,https://www.venex.com.ar/products_images/thumb/1777903122_motherboard_msi_pro_a620am-b_evo_ddr5_am5jpg,componentes-de-pc/motherboards/amd,https://www.venex.com.ar/componentes-de-pc/motherboards/amd/motherboard-msi-pro-a620am-b-evo-ddr5-am5.html
Motherboard ASUS Prime A620M-K AM5 DDR5,142599,https://www.venex.com.ar/products_images/thumb/1707499017_asus-1.jpg,componentes-de-pc/motherboards/amd,https://www.venex.com.ar/componentes-de-pc/motherboards/amd/motherboard-asus-prime-a620m-k-ddr5-am5.html
Motherboard Biostar B650MT AM5 DDR5,142599,https://www.venex.com.ar/products_images/thumb/1718299020_b650-1.jpg,componentes-de-pc/motherboards/amd,https://www.venex.com.ar/componentes-de-pc/motherboards/amd/motherboard-biostar-b650mt-am5.html
Motherboard MSI PRO A620M-E AM5 DDR5,143749,https://www.venex.com.ar/products_images/thumb/1713881331_msi-1.jpg,componentes-de-pc/motherboards/amd,https://www.venex.com.ar/componentes-de-pc/motherboards/amd/motherboard-msi-a620m-e-pro-ddr5-am5.html
Motherboard Gigabyte B550M-K AM4 DDR4,144899,https://www.venex.com.ar/products_images/thumb/1688144309_b550-3.jpg,componentes-de-pc/motherboards/amd,https://www.venex.com.ar/componentes-de-pc/motherboards/amd/motherboard-gigabyte-b550m-k-am5.html
Motherboard MSI B550M-A PRO AM4 DDR4,145474,https://www.venex.com.ar/products_images/thumb/1639506524_lsdfjhslhdfsdf.jpg,componentes-de-pc/motherboards/amd,https://www.venex.com.ar/componentes-de-pc/motherboards/amd/motherboard-msi-b550m-a-pro-am4.html
Motherboard MSI PRO B550M-B AM4 DDR4,146049,https://www.venex.com.ar/products_images/thumb/1781813731_motherboard_msi_pro_b550m-b_am4_ddr4png,componentes-de-pc/motherboards/amd,https://www.venex.com.ar/componentes-de-pc/motherboards/amd/motherboard-msi-pro-b550m-b-am4-ddr4.html
Motherboard MSI PRO B840M-B AM5 DDR5,151799,https://www.venex.com.ar/products_images/thumb/1757680446_1.jpg,componentes-de-pc/motherboards/amd,https://www.venex.com.ar/componentes-de-pc/motherboards/amd/motherboard-msi-pro-b840m-b-ddr5-am5.html
Soporte Base Notebook Genius G-Stand M250 Grey de Aluminio,21849,https://www.venex.com.ar/products_images/thumb/1751285560_1.jpg,componentes-de-pc/microprocesadores/intel,https://www.venex.com.ar/soportes/soporte-base-notebook-genius-g-stand-m250-grey-de-aluminio.html
Base para Notebook Fantech NC14 C/Cooler USB A RGB Negro,34488,https://www.venex.com.ar/products_images/thumb/1786718453_base_para_notebook_fantech_nc14_ccooler_usb_a_rgb_negropng,componentes-de-pc/microprocesadores/intel,https://www.venex.com.ar/soportes/base-para-notebook-fantech-nc14-c-cooler-usb-a-rgb.html
Soporte Ajustable para Microfono Fantech AC902S,37938,https://www.venex.com.ar/products_images/thumb/1786544613_soporte_ajustable_para_microfono_fantech_ac902s_1png,componentes-de-pc/microprocesadores/intel,https://www.venex.com.ar/soportes/soporte-ajustable-para-microfono-fantech-ac902s.html
Base para Notebook Fantech NC21 C/Cooler USB A-C RGB Negro,45988,https://www.venex.com.ar/products_images/thumb/1786718810_base_para_notebook_fantech_nc21_c_1png,componentes-de-pc/microprocesadores/intel,https://www.venex.com.ar/soportes/base-para-notebook-fantech-nc14-c-cooler-usb-a-rgb-1.html
Soporte Redragon Celestial Para Auriculares y Joystick 18Cm,45988,https://www.venex.com.ar/products_images/thumb/1753707137_1.jpg,componentes-de-pc/microprocesadores/intel,https://www.venex.com.ar/soportes/soporte-redragon-celestial-para-auriculares-y-joystick-18cm.html
Soporte Redragon Comet Para Table Celular Ajustable Metalico,45988,https://www.venex.com.ar/products_images/thumb/1753712654_1.jpg,componentes-de-pc/microprocesadores/intel,https://www.venex.com.ar/soportes/soporte-redragon-comet-para-table-celular-ajustable-metalico.html
Camara IP Cloud Tp-Link TAPO C210,49449,https://www.venex.com.ar/products_images/thumb/1713885803_cam1.jpg,componentes-de-pc/microprocesadores/intel,https://www.venex.com.ar/camaras-ip/camara-ip-cloud-tp-link-tapo-c210.html
Camara IP Ezviz H6C 4MM 360 2MP Interior,55199,https://www.venex.com.ar/products_images/thumb/1749752715_1.jpg,componentes-de-pc/microprocesadores/intel,https://www.venex.com.ar/camaras-ip/camara-ip-ezviz-h6c-4mm-360-2mp-interior.html
Reloj Smartwatch Xiaomi MI Smart Band 9 Active Black,51738,https://www.venex.com.ar/products_images/thumb/1773932261_reloj_smartwatch_xiaomi_mi_smart_band_9_active_blackpng,componentes-de-pc/microprocesadores/intel,https://www.venex.com.ar/relojes-smartwatch/reloj-smartwatch-xiaomi-mi-smart-band-9-active-black.html
Base para Notebook Fantech NC22 C/Cooler x1 USB-A Black RGB,57488,https://www.venex.com.ar/products_images/thumb/1787921209_base_para_notebook_fantech_nc22_ccooler_x1_usb-a_black_rgb_4png,componentes-de-pc/microprocesadores/intel,https://www.venex.com.ar/soportes/base-para-notebook-fantech-nc22-c-cooler-x1-usb-a-black-rgb.html
Soporte Redragon Zenith Para Monitor Con Cargador Inalambrico,60938,https://www.venex.com.ar/products_images/thumb/1753710688_3.jpg,componentes-de-pc/microprocesadores/intel,https://www.venex.com.ar/soportes/soporte-redragon-zenith-para-monitor-con-cargador-inalambrico.html
Camara IP Cloud TP-Link Tapo C220 2K QHD,63824,https://www.venex.com.ar/products_images/thumb/1748435272_1.jpg,componentes-de-pc/microprocesadores/intel,https://www.venex.com.ar/camaras-ip/camara-ip-cloud-tp-link-tapo-c220-2k-qhd.html
Soporte Base Notebook Genius G-Stand M250 Grey de Aluminio,21849,https://www.venex.com.ar/products_images/thumb/1751285560_1.jpg,componentes-de-pc/microprocesadores/amd,https://www.venex.com.ar/soportes/soporte-base-notebook-genius-g-stand-m250-grey-de-aluminio.html
Base para Notebook Fantech NC14 C/Cooler USB A RGB Negro,34488,https://www.venex.com.ar/products_images/thumb/1786718453_base_para_notebook_fantech_nc14_ccooler_usb_a_rgb_negropng,componentes-de-pc/microprocesadores/amd,https://www.venex.com.ar/soportes/base-para-notebook-fantech-nc14-c-cooler-usb-a-rgb.html
Soporte Ajustable para Microfono Fantech AC902S,37938,https://www.venex.com.ar/products_images/thumb/1786544613_soporte_ajustable_para_microfono_fantech_ac902s_1png,componentes-de-pc/microprocesadores/amd,https://www.venex.com.ar/soportes/soporte-ajustable-para-microfono-fantech-ac902s.html
Base para Notebook Fantech NC21 C/Cooler USB A-C RGB Negro,45988,https://www.venex.com.ar/products_images/thumb/1786718810_base_para_notebook_fantech_nc21_c_1png,componentes-de-pc/microprocesadores/amd,https://www.venex.com.ar/soportes/base-para-notebook-fantech-nc14-c-cooler-usb-a-rgb-1.html
Soporte Redragon Celestial Para Auriculares y Joystick 18Cm,45988,https://www.venex.com.ar/products_images/thumb/1753707137_1.jpg,componentes-de-pc/microprocesadores/amd,https://www.venex.com.ar/soportes/soporte-redragon-celestial-para-auriculares-y-joystick-18cm.html
Soporte Redragon Comet Para Table Celular Ajustable Metalico,45988,https://www.venex.com.ar/products_images/thumb/1753712654_1.jpg,componentes-de-pc/microprocesadores/amd,https://www.venex.com.ar/soportes/soporte-redragon-comet-para-table-celular-ajustable-metalico.html
Camara IP Cloud Tp-Link TAPO C210,49449,https://www.venex.com.ar/products_images/thumb/1713885803_cam1.jpg,componentes-de-pc/microprocesadores/amd,https://www.venex.com.ar/camaras-ip/camara-ip-cloud-tp-link-tapo-c210.html
Camara IP Ezviz H6C 4MM 360 2MP Interior,55199,https://www.venex.com.ar/products_images/thumb/1749752715_1.jpg,componentes-de-pc/microprocesadores/amd,https://www.venex.com.ar/camaras-ip/camara-ip-ezviz-h6c-4mm-360-2mp-interior.html
Reloj Smartwatch Xiaomi MI Smart Band 9 Active Black,51738,https://www.venex.com.ar/products_images/thumb/1773932261_reloj_smartwatch_xiaomi_mi_smart_band_9_active_blackpng,componentes-de-pc/microprocesadores/amd,https://www.venex.com.ar/relojes-smartwatch/reloj-smartwatch-xiaomi-mi-smart-band-9-active-black.html
Base para Notebook Fantech NC22 C/Cooler x1 USB-A Black RGB,57488,https://www.venex.com.ar/products_images/thumb/1787921209_base_para_notebook_fantech_nc22_ccooler_x1_usb-a_black_rgb_4png,componentes-de-pc/microprocesadores/amd,https://www.venex.com.ar/soportes/base-para-notebook-fantech-nc22-c-cooler-x1-usb-a-black-rgb.html
Soporte Redragon Zenith Para Monitor Con Cargador Inalambrico,60938,https://www.venex.com.ar/products_images/thumb/1753710688_3.jpg,componentes-de-pc/microprocesadores/amd,https://www.venex.com.ar/soportes/soporte-redragon-zenith-para-monitor-con-cargador-inalambrico.html
Camara IP Cloud TP-Link Tapo C220 2K QHD,63824,https://www.venex.com.ar/products_images/thumb/1748435272_1.jpg,componentes-de-pc/microprocesadores/amd,https://www.venex.com.ar/camaras-ip/camara-ip-cloud-tp-link-tapo-c220-2k-qhd.html
Memoria RAM Kimota DDR2 2GB 800MHz,16088,https://www.venex.com.ar/products_images/thumb/1787747878_memoria_ram_kimota_ddr2_2gb_800mhz_4png,componentes-de-pc/memorias-ram/desktop,https://www.venex.com.ar/componentes-de-pc/memorias-ram/desktop/memoria-ram-ddr2-2gb-800mhz-kimota.html
Memoria RAM Kingdian DDR3 4GB 1600MHz,27013,https://www.venex.com.ar/products_images/thumb/1788543806_memoria_ram_kingdian_ddr3_4gb_1600mhzpng,componentes-de-pc/memorias-ram/desktop,https://www.venex.com.ar/componentes-de-pc/memorias-ram/desktop/memoria-ram-kingdian-ddr3-4gb-1600mhz.html
Memoria RAM Hiksemi DDR3 4GB 1600MHz,28738,https://www.venex.com.ar/products_images/thumb/1783084176_memoria_ram_hiksemi_ddr3_4gb_1600mhzpng,componentes-de-pc/memorias-ram/desktop,https://www.venex.com.ar/componentes-de-pc/memorias-ram/desktop/memoria-ram-hiksemi-ddr3-4gb-1600mhz.html
Memoria RAM Kingdian DDR3 8GB 1600MHz,37938,https://www.venex.com.ar/products_images/thumb/1788544680_memoria_ram_kingdian_ddr3_8gb_1600mhzpng,componentes-de-pc/memorias-ram/desktop,https://www.venex.com.ar/componentes-de-pc/memorias-ram/desktop/memoria-ram-kingdian-ddr3-8gb-1600mhz.html
Memoria RAM Hiksemi DDR3 8GB 1600MHz,45988,https://www.venex.com.ar/products_images/thumb/1783084226_memoria_ram_hiksemi_ddr3_8gb_1600mhzpng,componentes-de-pc/memorias-ram/desktop,https://www.venex.com.ar/componentes-de-pc/memorias-ram/desktop/memoria-ram-hiksemi-ddr3-8gb-1600mhz.html
Memoria RAM Kingdian DDR4 8GB 3200MHz,114988,https://www.venex.com.ar/products_images/thumb/1788809961_memoria_ram_kingdian_ddr4_8gb_3200mhz_2png,componentes-de-pc/memorias-ram/desktop,https://www.venex.com.ar/componentes-de-pc/memorias-ram/desktop/memoria-ram-kingdian-ddr4-8gb-3200mhz.html
Memoria RAM Kingdian Heat H41 DDR4 8GB 3200MHz,120738,https://www.venex.com.ar/products_images/thumb/1788546902_memoria_ram_kingdian_heat_h41_ddr4_8gb_3200mhzpng,componentes-de-pc/memorias-ram/desktop,https://www.venex.com.ar/componentes-de-pc/memorias-ram/desktop/memoria-ram-kingdian-heat-h41-ddr4-8gb-3200mhz.html
Memoria RAM Hiksemi DDR4 8GB 3200MHz,128788,https://www.venex.com.ar/products_images/thumb/1783084621_memoria_ram_hiksemi_ddr4_8gb_3200mhzpng,componentes-de-pc/memorias-ram/desktop,https://www.venex.com.ar/componentes-de-pc/memorias-ram/desktop/memoria-ram-hiksemi-ddr4-8gb-3200mhz.html
Memoria RAM Hiksemi Armor DDR4 8GB 3200MHz Black,141438,https://www.venex.com.ar/products_images/thumb/1783084519_memoria_ram_hiksemi_armor_ddr4_8gb_3200mhz_blackpng,componentes-de-pc/memorias-ram/desktop,https://www.venex.com.ar/componentes-de-pc/memorias-ram/desktop/memoria-ram-hiksemi-ddr4-8gb-3200mhz-armor-black.html
Memoria RAM Hiksemi Armor DDR4 8GB 3200MHz Black,141438,https://www.venex.com.ar/products_images/thumb/1787948170_memoria_ram_hiksemi_armor_ddr4_8gb_3200mhz_blackpng,componentes-de-pc/memorias-ram/desktop,https://www.venex.com.ar/componentes-de-pc/memorias-ram/desktop/memoria-ram-hiksemi-armor-ddr4-8gb-3200mhz-black.html
Memoria RAM Corsair Vengeance LPX DDR4 8GB 3200MHz CL16,166624,https://www.venex.com.ar/products_images/thumb/1633032324_sdfghdsf.jpg,componentes-de-pc/memorias-ram/desktop,https://www.venex.com.ar/componentes-de-pc/memorias-ram/desktop/memoria-ram-ddr4-8gb-3200mhz-corsair-vengeance-lpx-1x8.html
Memoria RAM Corsair Vengance RS DDR4 8GB 3200MHz RGB CL16,174225,https://www.venex.com.ar/products_images/thumb/1655140207_fere.jpg,componentes-de-pc/memorias-ram/desktop,https://www.venex.com.ar/componentes-de-pc/memorias-ram/desktop/memoria-ram-corsair-vengance-rs-ddr4-8gb-3200mhz.html
Memoria RAM Notebook SODIMM Hiksemi Hiker DDR3 4GB 1600MHz,28738,https://www.venex.com.ar/products_images/thumb/1783083341_memoria_ram_notebook_sodimm_hiksemi_hiker_ddr3_4gb_1600mhzpng,componentes-de-pc/memorias-ram/notebook,https://www.venex.com.ar/componentes-de-pc/memorias-ram/notebook/memoria-ram-notebook-ddr3-4gb1600mhz-hiksemi-hiker.html
Memoria RAM Notebook SODIMM Hiksemi DDR3 Hiker 8GB 1600MHz,56338,https://www.venex.com.ar/products_images/thumb/1725540811_1.jpg,componentes-de-pc/memorias-ram/notebook,https://www.venex.com.ar/componentes-de-pc/memorias-ram/notebook/memoria-ram-notebook-sodimm-ddr3-8gb-1600mhz-hiksemi-hiker.html
Memoria RAM Notebook SODIMM Kimota DDR4 8GB 3200MHz,143738,https://www.venex.com.ar/products_images/thumb/1788203373_memoria_ram_notebook_sodimm_kimota_ddr4_8gb_3200mhzpng,componentes-de-pc/memorias-ram/notebook,https://www.venex.com.ar/componentes-de-pc/memorias-ram/notebook/memoria-ram-notebook-sodimm-kimota-ddr4-8gb-3200mhz.html
Memoria RAM Notebook SODIMM Hiksemi Hiker DDR4 8GB 3200MHz,147188,https://www.venex.com.ar/products_images/thumb/1783083455_memoria_ram_notebook_sodimm_hiksemi_hiker_ddr4_8gb_3200mhzpng,componentes-de-pc/memorias-ram/notebook,https://www.venex.com.ar/componentes-de-pc/memorias-ram/notebook/memoria-ram-hiksemi-hiker-sodimm-ddr4-3200mhz.html
Memoria RAM Notebook SODIMM Memox DDR4 8GB 3200MHz OEM Bulk,160988,https://www.venex.com.ar/products_images/thumb/1783083239_memoria_ram_notebook_sodimm_memox_ddr4_8gb_3200mhz_oem_bulkpng,componentes-de-pc/memorias-ram/notebook,https://www.venex.com.ar/componentes-de-pc/memorias-ram/notebook/memoria-ram-ddr4-sodimm-8gb-3200mhz-memox-oem-bulk.html
Memoria Ram Notebook Sodimm DDR4 8GB 3200Mhz Kingston 1.2v,206988,https://www.venex.com.ar/products_images/thumb/1788204351_memoria_ram_notebook_sodimm_ddr4_8gb_3200mhz_kingston_12vpng,componentes-de-pc/memorias-ram/notebook,https://www.venex.com.ar/componentes-de-pc/memorias-ram/notebook/memoria-ram-notebook-sodimm-ddr4-8gb-3200mhz-kingston-1-2v.html
Memoria RAM Notebook SODIMM DDR4 16GB 3200MHz OEM Bulk,229988,https://www.venex.com.ar/products_images/thumb/1783083532_memoria_ram_notebook_sodimm_12v_ddr4_16gb_3200mhz_oem_bulkpng,componentes-de-pc/memorias-ram/notebook,https://www.venex.com.ar/componentes-de-pc/memorias-ram/notebook/memoria-ram-soddim-ddr4-16gb-3200mhz-oem-bulk-1-2v.html
Memoria RAM Notebook SODIMM KIMOTA DDR4 16GB 3200MHz,241488,https://www.venex.com.ar/products_images/thumb/1788204200_memoria_ram_notebook_sodimm_kimota_ddr4_16gb_3200mhzpng,componentes-de-pc/memorias-ram/notebook,https://www.venex.com.ar/componentes-de-pc/memorias-ram/notebook/memoria-ram-notebook-sodimm-kimota-ddr4-16gb-3200mhz.html
Memoria RAM Notebook SODIMM Hiksemi DDR4 16GB 3200MHz,275988,https://www.venex.com.ar/products_images/thumb/1783083642_memoria_ram_notebook_sodimm_hiksemi_single_tray_ddr4_16gb_3200mhzpng,componentes-de-pc/memorias-ram/notebook,https://www.venex.com.ar/componentes-de-pc/memorias-ram/notebook/memoria-ram-notebook-sodimm-ddr4-16gb-3200mhz-hiksemi-single-tray.html
Memoria RAM Notebook SODIMM ADATA DDR5 8GB 5600MHz CL46,310488,https://www.venex.com.ar/products_images/thumb/1784642185_memoria_ram_notebook_sodimm_adata_ddr5_8gb_5600mhz_cl46_2png,componentes-de-pc/memorias-ram/notebook,https://www.venex.com.ar/componentes-de-pc/memorias-ram/notebook/memoria-ram-notebook-sodimm-adata-ddr5-8gb-5600mhz-cl46.html
Memoria RAM Notebook SODIMM Samsung DDR5 8GB 5600MHz CL46 Bulk,310488,https://www.venex.com.ar/products_images/thumb/1788977548_memoria_ram_notebook_sodimm_samsung_ddr5_8gb_5600mhz_cl46_bulkpng,componentes-de-pc/memorias-ram/notebook,https://www.venex.com.ar/componentes-de-pc/memorias-ram/notebook/memoria-ram-notebook-sodimm-samsung-ddr5-8gb-5600mhz-cl46-bulk.html
Memoria RAM Notebook SODIMM Kingston DDR5 8GB 5600MHz CL46,321988,https://www.venex.com.ar/products_images/thumb/1783083707_memoria_ram_notebook_sodimm_kingston_ddr5_8gb_5600mhz_cl46png,componentes-de-pc/memorias-ram/notebook,https://www.venex.com.ar/componentes-de-pc/memorias-ram/notebook/memoria-ram-sodimm-ddr5-8gb-5600mhz-kingston-cl46.html
Placa de Video ASRock Intel Arc A380 ITX 6GB Challenger OC,311649,https://www.venex.com.ar/products_images/thumb/1786720515_placa_de_video_asrock_intel_arc_a380_challenger_itx_6gb_oc_1png,componentes-de-pc/placas-de-video,https://www.venex.com.ar/componentes-de-pc/placas-de-video/placa-de-video-asrock-intel-arc-a380-challenger-itx-6gb-oc.html
Placa de Video MSI NVIDIA GeForce RTX 3050 6GB Low Profile OC,534738,https://www.venex.com.ar/products_images/thumb/1730908489_11.jpg,componentes-de-pc/placas-de-video,https://www.venex.com.ar/componentes-de-pc/placas-de-video/placa-de-video-msi-nvidia-geforce-rtx-3050-low-profile-oc-6gb.html
Placa de Video ASUS NVIDIA GeForce RTX 3050 6GB Dual OC,546238,https://www.venex.com.ar/products_images/thumb/1780677465_diseno_sin_titulo_-_2026-06-05t133719506png,componentes-de-pc/placas-de-video,https://www.venex.com.ar/componentes-de-pc/placas-de-video/palca-de-video-asus-nvidia-geforce-rtx-3050-dual-06g-oc-d6.html
Placa de Video Gigabyte NVIDIA GeForce RTX 3050 6GB Windforce...,574999,https://www.venex.com.ar/products_images/thumb/1718385471_3050-2.jpg,componentes-de-pc/placas-de-video,https://www.venex.com.ar/componentes-de-pc/placas-de-video/placa-de-video-gigabyte-nvidia-geforce-rtx-3050-windforce-oc-6gb.html
Placa de Video ASRock Intel Arc B570 10GB Challenger OC,603738,https://www.venex.com.ar/products_images/thumb/1756310628_18.jpg,componentes-de-pc/placas-de-video,https://www.venex.com.ar/componentes-de-pc/placas-de-video/placa-de-video-asrock-intel-arc-b570-challenger-10gb-oc.html
Placa de Video Gigabyte AMD Radeon RX 9050 8GB Gaming OC,701499,https://www.venex.com.ar/products_images/thumb/1787934052_placa_de_video_gigabyte_amd_radeon_rx_9050_8gb_gaming_oc_1png,componentes-de-pc/placas-de-video,https://www.venex.com.ar/componentes-de-pc/placas-de-video/placa-de-video-gigabyte-amd-radeon-rx-9050-8gb-gaming-oc.html
Placa de Video Gigabyte NVIDIA GeForce RTX 5050 8GB Windforce...,735999,https://www.venex.com.ar/products_images/thumb/1780580419_placa_de_video_gigabyte_nvidia_geforce_rtx_5050_windforce_oc_8gbpng,componentes-de-pc/placas-de-video,https://www.venex.com.ar/componentes-de-pc/placas-de-video/placa-de-video-gigabyte-nvidia-geforce-rtx-5050-windforce-oc-8gb.html
Placa de Video MSI NVIDIA GeForce RTX 5050 8GB Shadow 2X OC,747499,https://www.venex.com.ar/products_images/thumb/1780680901_diseno_sin_titulo_-_2026-06-05t143444527png,componentes-de-pc/placas-de-video,https://www.venex.com.ar/componentes-de-pc/placas-de-video/placa-de-video-msi-nvidia-geforce-rtx-5050-shadow-2x-oc-8gb.html
Placa de Video Gigabyte NVIDIA GeForce RTX 5050 8GB Low Profile...,758999,https://www.venex.com.ar/products_images/thumb/1780681109_diseno_sin_titulo_-_2026-06-05t143822090png,componentes-de-pc/placas-de-video,https://www.venex.com.ar/componentes-de-pc/placas-de-video/placa-de-video-gigabyte-nvidia-geforce-rtx-5050-oc-low-profile-8gb-gddr6.html
Placa de Video ASUS NVIDIA GeForce RTX 5050 8GB Dual OC,764738,https://www.venex.com.ar/products_images/thumb/1764681084_440.jpg,componentes-de-pc/placas-de-video,https://www.venex.com.ar/componentes-de-pc/placas-de-video/placa-de-video-asus-nvidia-geforce-rtx-5050-dual-oc-8gb-gddr6.html
Placa de Video ASRock AMD Radeon RX 9060 8GB Challenger,769338,https://www.venex.com.ar/products_images/thumb/1786719391_placa_de_video_asrock_amd_radeon_rx_9060_challenger_8gb_1png,componentes-de-pc/placas-de-video,https://www.venex.com.ar/componentes-de-pc/placas-de-video/placa-de-video-asrock-amd-radeon-rx-9060-challenger-8gb.html
Placa de Video MSI NVIDIA GeForce RTX 5050 8GB Gaming OC,787738,https://www.venex.com.ar/products_images/thumb/1780680956_diseno_sin_titulo_-_2026-06-05t143536527png,componentes-de-pc/placas-de-video,https://www.venex.com.ar/componentes-de-pc/placas-de-video/placa-de-video-msi-nvidia-geforce-rtx-5050-gaming-oc-8gb.html
Placa De Red USB Mercusys Nano 150 mw150us,6439,https://www.venex.com.ar/products_images/thumb/1662032758_mw150us.jpg,componentes-de-pc/placas-de-red,https://www.venex.com.ar/componentes-de-pc/placas-de-red/placa-de-red-usb-mercusys-nano-150.html
Adaptador Mercusys Mini USB N300 Mw300UM,8739,https://www.venex.com.ar/products_images/thumb/1671804207_n300-2.jpg,componentes-de-pc/placas-de-red,https://www.venex.com.ar/componentes-de-pc/placas-de-red/adaptador-mercusys-mini-usb-n300.html
Placa De Red Usb Tp-Link Tl-Wn725n Nano Wifi 150m,12994,https://www.venex.com.ar/products_images/thumb/a.jpg,componentes-de-pc/placas-de-red,https://www.venex.com.ar/componentes-de-pc/placas-de-red/placa-de-red-usb-tp-link-tl-wn725n-nano-wifi-150m---.html
Placa De Red Pci-E Tp-Link Tl-Wn781nd,14489,https://www.venex.com.ar/products_images/thumb/tp_link_tl_wn781n_150mbps_11n_wireless_pci_express.jpg,componentes-de-pc/placas-de-red,https://www.venex.com.ar/componentes-de-pc/placas-de-red/tp-link-tl-wn781n.html
Placa De Red Tp-Link Wireless Usb TL-Wn722n 150mbps Con Antena,17814,https://www.venex.com.ar/products_images/thumb/placaderedtplinkwirelessusbwn722n150mbpsconantena.jpg,componentes-de-pc/placas-de-red,https://www.venex.com.ar/componentes-de-pc/placas-de-red/placa-de-red-tp-link-wireless-usb-wn722n-150mbps-con-antena.html
Placa De Red Pci-E Tp-Link Tg-3468 Gigabite 10/100/1000,19434,https://www.venex.com.ar/products_images/thumb/1510415601_xdfg.jpg,componentes-de-pc/placas-de-red,https://www.venex.com.ar/componentes-de-pc/placas-de-red/placa-de-red-pci-e-tp-link-tg-3468-gigabite-10-100-1000.html
Placa De Red Pci-E Tp-Link Tl-Wn881nd 881nd,21849,https://www.venex.com.ar/products_images/thumb/1623270974_tl-wn881nd_un_2.0_01_large_1507530821899a.jpg,componentes-de-pc/placas-de-red,https://www.venex.com.ar/componentes-de-pc/placas-de-red/placa-de-red-pci-e-tp-link-tl-wn881nd.html
Adaptador TP-LINK UA430C Usb-C 3.0 A Sd Micro Sd,22999,https://www.venex.com.ar/products_images/thumb/1782331667_adaptador_tp-link_ua430c_usb-c_30_a_sd_micro_sdpng,componentes-de-pc/placas-de-red,https://www.venex.com.ar/componentes-de-pc/placas-de-red/adaptador-tp-link-ua430c-usb-c-3-0-a-sd-micro-sd.html
Placa De Red USB TP-Link Archer T2UB AC600 Nano Wifi Bluetooth,22999,https://www.venex.com.ar/products_images/thumb/1680265338_ac600-2.jpg,componentes-de-pc/placas-de-red,https://www.venex.com.ar/componentes-de-pc/placas-de-red/placa-de-red-usb-tp-link-archer-t2ub-ac600-nano-wifi-bluetooth.html
Placa De Red Tp-Link Usb 3.0 A Ethernet Rj45 Ue300,29899,https://www.venex.com.ar/products_images/thumb/1504292036_ue300_un_v1_892_large_4_20150908180450.jpg,componentes-de-pc/placas-de-red,https://www.venex.com.ar/componentes-de-pc/placas-de-red/placa-de-red-tp-link-usb-30-a-ethernet-rj45-ue300.html
Placa de Red PCI-E TPLink Archer T2E AC600,27944,https://www.venex.com.ar/products_images/thumb/1726063963_3.jpg,componentes-de-pc/placas-de-red,https://www.venex.com.ar/componentes-de-pc/placas-de-red/placa-de-red-pci-e-tplink-archer-t2e-ac600.html
Placa De Red Tp-Link USB 3.0 A Ethernet RJ45 UE306,31049,https://www.venex.com.ar/products_images/thumb/1671795523_ue306-2.jpg,componentes-de-pc/placas-de-red,https://www.venex.com.ar/componentes-de-pc/placas-de-red/placa-de-red-tp-link-usb-3-0-a-ethernet-rj45-ue306.html
"Disco sólido SSD Hiksemi Wave S 120GB SATA III 2.5""...",58638,https://www.venex.com.ar/products_images/thumb/1780065170_diseno_sin_titulo_-_2026-05-29t113113648png,componentes-de-pc/discos-solidos-ssd,https://www.venex.com.ar/componentes-de-pc/discos-solidos-ssd/disco-solido-ssd-hiksemi-120gb-wave-sata.html
Disco Solido SSD 240Gb Adata SU650 Sata III,73588,https://www.venex.com.ar/products_images/thumb/1599511444_productgallery6098.jpg,componentes-de-pc/discos-solidos-ssd,https://www.venex.com.ar/componentes-de-pc/discos-solidos-ssd/disco-solido-ssd-240gb-adata-su650-sata-iii.html
"Disco sólido SSD Hiksemi Wave S 240GB SATA III 2.5""...",80488,https://www.venex.com.ar/products_images/thumb/1780064971_diseno_sin_titulo_-_2026-05-29t112910236png,componentes-de-pc/discos-solidos-ssd,https://www.venex.com.ar/componentes-de-pc/discos-solidos-ssd/disco-solido-ssd-240gb-hiksemi-wave-s-sata.html
"Disco sólido SSD MSI Spatium S270 240GB SATA III 2.5""...",91988,https://www.venex.com.ar/products_images/thumb/1780068030_diseno_sin_titulo_-_2026-05-29t121959646png,componentes-de-pc/discos-solidos-ssd,https://www.venex.com.ar/componentes-de-pc/discos-solidos-ssd/disco-solido-ssd-240gb-msi-spatium-s270-sata.html
Disco sólido SSD Hiksemi Wave 256GB M.2 NVMe PCIe 3.0...,100038,https://www.venex.com.ar/products_images/thumb/1780065836_diseno_sin_titulo_-_2026-05-29t114345700png,componentes-de-pc/discos-solidos-ssd,https://www.venex.com.ar/componentes-de-pc/discos-solidos-ssd/disco-solido-ssd-hiksemi-m-2-nvme-wave-2280mb-s.html
"Disco sólido SSD Kingston A400 240GB SATA III 2.5""...",126488,https://www.venex.com.ar/products_images/thumb/1780066119_diseno_sin_titulo_-_2026-05-29t114537156png,componentes-de-pc/discos-solidos-ssd,https://www.venex.com.ar/componentes-de-pc/discos-solidos-ssd/disco-duro-ssd-240gb-kingston-a400-sata-iii-25.html
"Disco sólido SSD Adata SU630 480GB SATA III 2.5"" 520MB/s",137988,https://www.venex.com.ar/products_images/thumb/1785875154_disco_solido_ssd_adata_su630_480gb_sata_iii_25png,componentes-de-pc/discos-solidos-ssd,https://www.venex.com.ar/componentes-de-pc/discos-solidos-ssd/disco-solido-ssd-480gb-su630-adata-25.html
"Disco solido SSD Adata SU650 480GB SATA III 2.5"" 520MB/s",137988,https://www.venex.com.ar/products_images/thumb/1646248406_1639156187_ssd.jpg,componentes-de-pc/discos-solidos-ssd,https://www.venex.com.ar/componentes-de-pc/discos-solidos-ssd/disco-solido-ssd-480gb-adata-sata-su650.html
"Disco sólido SSD Patriot Burst Elite 480GB SATA III 2.5""...",144198,https://www.venex.com.ar/products_images/thumb/1781699959_disco_solido_ssd_patriot_burst_elite_480gb_sata_iii_25png,componentes-de-pc/discos-solidos-ssd,https://www.venex.com.ar/componentes-de-pc/discos-solidos-ssd/disco-solido-ssd-patriot-burst-elite-480gb-sata-iii-2-5.html
"Disco Sólido SSD MSI Spatium S270 480GB SATA III 2.5""...",144888,https://www.venex.com.ar/products_images/thumb/1783957713_disco_solido_ssd_msi_spatium_s270_480gb_sata_iii_25_500mbs_1png,componentes-de-pc/discos-solidos-ssd,https://www.venex.com.ar/componentes-de-pc/discos-solidos-ssd/disco-solido-msi-spatium-s270-480gb-sata-iii.html
"Disco sólido SSD Hiksemi Wave S 480GB SATA III 2.5""...",148338,https://www.venex.com.ar/products_images/thumb/1780066628_diseno_sin_titulo_-_2026-05-29t115245646png,componentes-de-pc/discos-solidos-ssd,https://www.venex.com.ar/componentes-de-pc/discos-solidos-ssd/disco-solido-ssd-hiksemi-480gb-wave-sata.html
Disco sólido SSD Hiksemi Wave 512GB M.2 NVMe PCIe 3.0...,170188,https://www.venex.com.ar/products_images/thumb/1780066771_diseno_sin_titulo_-_2026-05-29t115905612png,componentes-de-pc/discos-solidos-ssd,https://www.venex.com.ar/componentes-de-pc/discos-solidos-ssd/disco-solido-ssd-512gb-hiksemi-m-2-nvme-wave-25000mb-s.html
Disco Duro HDD 2TB Seagate Sata III Skyhawk (SIMIL PURPLE),321999,https://www.venex.com.ar/products_images/thumb/1610712616_skyhawk-2tb-2.jpg,componentes-de-pc/discos-duros-mecanicos,https://www.venex.com.ar/componentes-de-pc/discos-duros-mecanicos/disco-duro-hdd-2-tb-seagate-skyhawk.html
Disco Duro HDD 2TB Western Digital WD Sata III Purple 2tb,335799,https://www.venex.com.ar/products_images/thumb/1585582334_hd_2_tb_sata_iii_64mb_wd_purple.jpg,componentes-de-pc/discos-duros-mecanicos,https://www.venex.com.ar/componentes-de-pc/discos-duros-mecanicos/hd-2-tb-s-ata-ii-64mb-western-digital-purple.html
Disco Duro HDD 4TB Seagate Sata III Skyhawk (SIMIL PURPLE),436999,https://www.venex.com.ar/products_images/thumb/1771936395_discohdd4tbpng,componentes-de-pc/discos-duros-mecanicos,https://www.venex.com.ar/componentes-de-pc/discos-duros-mecanicos/disco-duro-4-tb-seagate-skyhawk.html
Disco Duro HDD 4TB Western Digital Wd Sata III Blue,436999,https://www.venex.com.ar/products_images/thumb/1585583667_hd_4_tb_sata_iii_64mb_wd_blue_2.jpg,componentes-de-pc/discos-duros-mecanicos,https://www.venex.com.ar/componentes-de-pc/discos-duros-mecanicos/hd-4-tb-s-ata-iii-64mb-western-digital.html
Fuente LNZ 550W XT550-SS Black,24149,https://www.venex.com.ar/products_images/thumb/1787835012_fuente_lnz_550w_xt550-ss_black_1png,componentes-de-pc/fuentes,https://www.venex.com.ar/componentes-de-pc/fuentes/fuente-lnz-550w-xt550-ss-black.html
Fuente LNZ 650W PX650-GZ,51508,https://www.venex.com.ar/products_images/thumb/1785175836_fuente_lnz_650w_px650-gz_2png,componentes-de-pc/fuentes,https://www.venex.com.ar/componentes-de-pc/fuentes/fuente-lnz-650w-px650-gz.html
Fuente LNZ 700W SX700-TS,52888,https://www.venex.com.ar/products_images/thumb/1777395266_diseno_sin_titulo_8jpg,componentes-de-pc/fuentes,https://www.venex.com.ar/componentes-de-pc/fuentes/fuente-lnz-700w-sx700-ts-black.html
Fuente Raptor 500W 80+ Bronze,59788,https://www.venex.com.ar/products_images/thumb/1785525322_fuente_raptor_500w_80__bronze_1png,componentes-de-pc/fuentes,https://www.venex.com.ar/componentes-de-pc/fuentes/fuente-raptor-500w-80-bronze.html
Fuente Sentey 500W 80 Plus White SDP500-GT,62088,https://www.venex.com.ar/products_images/thumb/1789484718_fuente_sentey_500w_80_plus_white_sdp500-gt_1png,componentes-de-pc/fuentes,https://www.venex.com.ar/componentes-de-pc/fuentes/fuente-sentey-500w-80-plus-white-sdp500-gt.html
Fuente Sentey 500W 80 Plus Bronze EPP500-GT,64388,https://www.venex.com.ar/products_images/thumb/1777296570_fuente_sentey_500w_epp500-gt_80__bronzejpg,componentes-de-pc/fuentes,https://www.venex.com.ar/componentes-de-pc/fuentes/fuente-sentey-500w-epp500-gt-80-bronze.html
Fuente Sentey 600W 80 Plus White SDP600-GT,66688,https://www.venex.com.ar/products_images/thumb/1789487577_fuente_sentey_600w_80_plus_white_sdp600-gt_1png,componentes-de-pc/fuentes,https://www.venex.com.ar/componentes-de-pc/fuentes/fuente-sentey-600w-80-plus-bronze-sdp600-gt.html
Fuente Raptor 650W 80 Plus Bronze Volt,70138,https://www.venex.com.ar/products_images/thumb/1785525372_fuente_raptor_650w_80_plus_bronze_voltpng,componentes-de-pc/fuentes,https://www.venex.com.ar/componentes-de-pc/fuentes/fuente-raptor-650w-volt-80-bronze.html
Fuente Sentey 600W 80 Plus Bronze EPP600-GT,72438,https://www.venex.com.ar/products_images/thumb/1777297205_fuente_sentey_600w_epp600-gt_80__bronzejpg,componentes-de-pc/fuentes,https://www.venex.com.ar/componentes-de-pc/fuentes/fuente-sentey-600w-epp600-gt-80-bronze.html
Fuente Gamdias 550W 80 Plus Bronze Helios M1-550B,78188,https://www.venex.com.ar/products_images/thumb/1761743765_378.jpg,componentes-de-pc/fuentes,https://www.venex.com.ar/componentes-de-pc/fuentes/fuente-gamdias-helios-m1-550b-550w.html
Fuente Sentey 650W 80 Plus Bronze MBP650-GX ATX 3.1,79338,https://www.venex.com.ar/products_images/thumb/1777062460_fuente_sentey_650w_mbp650-gx_80__bronze_atx_31png,componentes-de-pc/fuentes,https://www.venex.com.ar/componentes-de-pc/fuentes/fuente-sentey-650w-mbp650-gx-80-bronze-atx-3-1.html
Fuente Aerocool 500W 80 Plus Bronze Cylon RGB,80488,https://www.venex.com.ar/products_images/thumb/1585765618_fuente_aerocool_cylon_500w_rgb_80_bronze.jpg,componentes-de-pc/fuentes,https://www.venex.com.ar/componentes-de-pc/fuentes/fuente-aerocool-cylon-500w-rgb-80--white.html
Gabinete Genérico Con Kit Fuente Mouse Y Teclado,43699,https://www.venex.com.ar/products_images/thumb/1645472162_kit.jpg,componentes-de-pc/gabinetes,https://www.venex.com.ar/componentes-de-pc/gabinetes/gabinete-con-kit-fuente-mose-y-teclado.html
Gabinete Sentey H10 TG Vidrio Templado White,45758,https://www.venex.com.ar/products_images/thumb/1777912642_gabinete_sentey_h10_tg_whitejpg,componentes-de-pc/gabinetes,https://www.venex.com.ar/componentes-de-pc/gabinetes/gabinete-sentey-h10-tg-white.html
Gabinete Sentey H30 TG Vidrio Templado,45758,https://www.venex.com.ar/products_images/thumb/1776713949_gabinete_sentey_h30_black_tg_ccooletrs_x5_argb_black-3png,componentes-de-pc/gabinetes,https://www.venex.com.ar/componentes-de-pc/gabinetes/gabinete-sentey-h30-black-tg.html
Gabinete Gamemax Nova N5 RGB,47138,https://www.venex.com.ar/products_images/thumb/1779999652_diseno_sin_titulo_55png,componentes-de-pc/gabinetes,https://www.venex.com.ar/componentes-de-pc/gabinetes/gabinete-gamemax-nova-n5-mid-tower-atx-rgb.html
Gabinete Sentey H30 TG Vidrio Templado White,48288,https://www.venex.com.ar/products_images/thumb/1776786163_gabinete_sentey_h30_white_tg-4png,componentes-de-pc/gabinetes,https://www.venex.com.ar/componentes-de-pc/gabinetes/gabinete-sentey-h30-white-tg.html
Mousepad Corsair MM350 M 320x270x5mm,55188,https://www.venex.com.ar/products_images/thumb/1787061917_mousepad_corsair_mm350_m_320x270x5mm_1png,componentes-de-pc/gabinetes,https://www.venex.com.ar/componentes-de-pc/gabinetes/mousepad-corsair-mm350-m-320x270x5mm.html
Gabinete Lnz M10 TG C/Coolers x3 FRGB Vidrio Templado,50588,https://www.venex.com.ar/products_images/thumb/1776862564_gabinete_lnz_m10_tg_ccoolers_x3_frgb_blackpng,componentes-de-pc/gabinetes,https://www.venex.com.ar/componentes-de-pc/gabinetes/gabinete-lnz-m10-tg-c-coolers-x3-frgb-black.html
Gabinete Raptor Blaze Force TG C/Coolers x1 RGB Vidrio Templado,51738,https://www.venex.com.ar/products_images/thumb/1725886690_2.jpg,componentes-de-pc/gabinetes,https://www.venex.com.ar/componentes-de-pc/gabinetes/gabinete-raptor-blaze-force-tg-rgb-c-coolers-x2.html
Gabinete Gamemax Nova N6 ARGB,55188,https://www.venex.com.ar/products_images/thumb/1743168340_1.jpg,componentes-de-pc/gabinetes,https://www.venex.com.ar/componentes-de-pc/gabinetes/gabinete-gamemax-nova-n6-mid-tower-atx-argb.html
Kit Herramientas Corsair Diy Pc,60938,https://www.venex.com.ar/products_images/thumb/1778518854_kit_herramientas_corsair_diy_pcjpg,componentes-de-pc/gabinetes,https://www.venex.com.ar/componentes-de-pc/gabinetes/kit-herramientas-corsair-diy-pc.html
Gabinete Sentey T5 TG C/Coolers x3 ARGB Vidrio Templado,56338,https://www.venex.com.ar/products_images/thumb/1775744013_gabinete_sentey_t5_glass_tg_ccoolers_x3_argb_blackpng,componentes-de-pc/gabinetes,https://www.venex.com.ar/componentes-de-pc/gabinetes/gabinete-sentey-t5-glass-tg-c-coolers-x3-argb-black.html
Gabinete Gamdias Argus E4 Elite TG C/Coolers x1 Vidrio Templado,57488,https://www.venex.com.ar/products_images/thumb/1703693520_ar-bl-1.jpg,componentes-de-pc/gabinetes,https://www.venex.com.ar/componentes-de-pc/gabinetes/gabinete-gamdias-argus-e4-elite-c-coolers-x1-tg.html
Bracket Cooler Master Soporte Para Fan Cooler LGA1700,6313,https://www.venex.com.ar/products_images/thumb/1657624277_sdsd.jpg,componentes-de-pc/refrigeracion,https://www.venex.com.ar/componentes-de-pc/refrigeracion/coolers-y-water-coolers/bracket-cooler-master-soporte-para-fan-cooler-lga1700.html
Fan Cooler Sentey F70 Argb Infinito 1800Rpm,10338,https://www.venex.com.ar/products_images/thumb/1776091865_fan_cooler_sentey_f70_argb_infinito_1800rpmpng,componentes-de-pc/refrigeracion,https://www.venex.com.ar/componentes-de-pc/refrigeracion/fan-coolers/fan-cooler-sentey-f70-argb-infinito-1800rpm.html
Fan Cooler Cpu Kelyx 95W Amd-Intel Am4 Am5 1200 1700,16674,https://www.venex.com.ar/products_images/thumb/1780594102_fan_cooler_cpu_kelyx_95w_amd-intelpng,componentes-de-pc/refrigeracion,https://www.venex.com.ar/componentes-de-pc/refrigeracion/fan-coolers/fan-cooler-cpu-kelyx-95w-amd-intel-am4-am5-1200-1700.html
Fan Cooler CPU Raptor Cryo 95W RGB,18744,https://www.venex.com.ar/products_images/thumb/1786715066_fan_cooler_cpu_raptor_cryo_95w_rgb_1png,componentes-de-pc/refrigeracion,https://www.venex.com.ar/componentes-de-pc/refrigeracion/fan-coolers/fan-cooler-cpu-raptor-cryo-95w-rgb.html
Fan Cooler Cooler Master Mf120 Lite Argb White,21264,https://www.venex.com.ar/products_images/thumb/1778523449_fan_cooler_cooler_master_mf120_lite_argb_whitejpg,componentes-de-pc/refrigeracion,https://www.venex.com.ar/componentes-de-pc/refrigeracion/fan-coolers/fan-cooler-cooler-master-mf120-lite-argb-white.html
Fan Cooler Gamdias Aeolus M2-1203 Lite ARGB,24713,https://www.venex.com.ar/products_images/thumb/1703703458_12032-1.jpg,componentes-de-pc/refrigeracion,https://www.venex.com.ar/componentes-de-pc/refrigeracion/fan-coolers/fan-cooler-gamdias-aeolus-m2-1203-lite-120mm-x3-rgb.html
Fan Cooler Master Sickleflow EDGE 120 ARGB White,34488,https://www.venex.com.ar/products_images/thumb/1764088516_307.jpg,componentes-de-pc/refrigeracion,https://www.venex.com.ar/componentes-de-pc/refrigeracion/fan-coolers/fan-cooler-master-sickleflow-edge-120-argb-white.html
Fan Cooler HP DL 380 G11 X2 Para Servidor,34073,https://www.venex.com.ar/products_images/thumb/1744725806_1.jpg,componentes-de-pc/refrigeracion,https://www.venex.com.ar/componentes-de-pc/refrigeracion/fan-coolers/fan-cooler-hp-dl-380-g11-x2-para-servidor.html
Fan Cooler Gamdias Aeolus M2-1204R White Pack x4,37938,https://www.venex.com.ar/products_images/thumb/1739798980_5.jpg,componentes-de-pc/refrigeracion,https://www.venex.com.ar/componentes-de-pc/refrigeracion/fan-coolers/fan-cooler-gamdias-aeolus-m2-1204r-white.html
Fan Cooler Cpu Msi Corefrozr AA13 Argb Black,45988,https://www.venex.com.ar/products_images/thumb/1777925090_fan_cooler_cpu_msi_corefrozr_aa13_argb_black1jpg,componentes-de-pc/refrigeracion,https://www.venex.com.ar/componentes-de-pc/refrigeracion/fan-coolers/fan-cooler-cpu-msi-corefrozr-aa13-argb-black.html
Fan Cooler Cpu Msi Corefrozr AA13 Argb White,45988,https://www.venex.com.ar/products_images/thumb/1777925060_fan_cooler_cpu_msi_corefrozr_aa13_argb_whitejpg,componentes-de-pc/refrigeracion,https://www.venex.com.ar/componentes-de-pc/refrigeracion/fan-coolers/fan-cooler-cpu-msi-corefrozr-aa13-argb-white.html
Controladora Cooler Master A1 Gen 2 ARGB P/Fan Coolers,49438,https://www.venex.com.ar/products_images/thumb/1716995528_cm-controladora-1.jpg,componentes-de-pc/refrigeracion,https://www.venex.com.ar/componentes-de-pc/refrigeracion/fan-coolers/controladora-cooler-master-a1-gen-2-argb-p-fan-coolers.html
Pasta Termica Raptor ICE Conductividad de 8.3w 4Gr,10914,https://www.venex.com.ar/products_images/thumb/1762964386_161.jpg,componentes-de-pc/pastas-termicas,https://www.venex.com.ar/componentes-de-pc/pastas-termicas/grasa-termica-raptor-ice-conductividad-8-3w-4gr.html
Pasta Termica Gamdias XC5 Thermal 4Gr Silver,11258,https://www.venex.com.ar/products_images/thumb/1761743499_377.jpg,componentes-de-pc/pastas-termicas,https://www.venex.com.ar/componentes-de-pc/pastas-termicas/grasa-termca-gamdias-xc5-thermal.html
Pasta Termica Thermaltake TG-7 4Gr Gray,16664,https://www.venex.com.ar/products_images/thumb/1765548879_grasa_termica_thermaltake_tg_7-1.jpg,componentes-de-pc/pastas-termicas,https://www.venex.com.ar/componentes-de-pc/pastas-termicas/grasa-termica-thermaltake-tg-7-4gr.html
Pasta Termica Corsair TM30 Alto Rendimiento,18388,https://www.venex.com.ar/products_images/thumb/1639072695_pasta.jpg,componentes-de-pc/pastas-termicas,https://www.venex.com.ar/componentes-de-pc/pastas-termicas/grasa-termica-corsair-tm30-alto-rendimiento.html
Pasta Termica Cooler Master Cryofuze 5 Red 3G,19308,https://www.venex.com.ar/products_images/thumb/1729772304_3.jpg,componentes-de-pc/pastas-termicas,https://www.venex.com.ar/componentes-de-pc/pastas-termicas/grasa-termica-cooler-master-cryzofuze-5-red.html
Pasta Termica Cooler Master Cryofuze 5 Yellow 3G,19538,https://www.venex.com.ar/products_images/thumb/1765815073_grasa_cooler_master_cryofuze_5_-_yellow-1.jpg,componentes-de-pc/pastas-termicas,https://www.venex.com.ar/componentes-de-pc/pastas-termicas/grasa-termica-cooler-master-cryofuze-5-yellow.html
Pasta Termica Gamdias XC7 Thermal 4Gr Silver,19538,https://www.venex.com.ar/products_images/thumb/1761743371_373.jpg,componentes-de-pc/pastas-termicas,https://www.venex.com.ar/componentes-de-pc/pastas-termicas/grasa-termica-gamdias-xc7-thermal.html
Pad Térmico Cooler Master Cryonamics,20688,https://www.venex.com.ar/products_images/thumb/1788284412_pasta_termica_cooler_master_cryonamics_1png,componentes-de-pc/pastas-termicas,https://www.venex.com.ar/componentes-de-pc/pastas-termicas/pasta-termica-cooler-master-cryonamics.html
Pasta Termica Corsair XTM60 Alto Rendimiento 3G,28738,https://www.venex.com.ar/products_images/thumb/1755878306_29.jpg,componentes-de-pc/pastas-termicas,https://www.venex.com.ar/componentes-de-pc/pastas-termicas/pasta-termica-corsair-xtm-60.html
Pasta Termica Cooler Master Cryofuze 7 4G Gray,32188,https://www.venex.com.ar/products_images/thumb/1788893836_diseno_sin_titulo_-_2026-09-08t155454191png,componentes-de-pc/pastas-termicas,https://www.venex.com.ar/componentes-de-pc/pastas-termicas/pasta-termica-cooler-master-cryofuze-4g-gray.html
Pasta Termica Cooler Master Cryofuze 7 4G Gray,32188,https://www.venex.com.ar/products_images/thumb/1752149018_2.jpg,componentes-de-pc/pastas-termicas,https://www.venex.com.ar/componentes-de-pc/pastas-termicas/grasa-termica-cooler-master-cryofuze-7-4gr.html
Pasta Termica Corsair XTM70 Alto Rendimiento,55188,https://www.venex.com.ar/products_images/thumb/1714753658_pasta_termina-corsair.jpg,componentes-de-pc/pastas-termicas,https://www.venex.com.ar/componentes-de-pc/pastas-termicas/grasa-termica-corsair-xtm70-alto-rendimiento.html
Combo Actualización Intel Core i3 12100 8GB,545076,https://www.venex.com.ar/products_images/thumb/1747746346_5.jpg,componentes-de-pc/combos-de-actualizacion,https://www.venex.com.ar/componentes-de-pc/combos-de-actualizacion/combo-de-actualizacion-intel-core-i3-12100-8gb.html
Combo Actualización Intel Core i3 14100 8GB,556576,https://www.venex.com.ar/products_images/thumb/1747747568_9.jpg,componentes-de-pc/combos-de-actualizacion,https://www.venex.com.ar/componentes-de-pc/combos-de-actualizacion/combo-de-actualizacion-intel-core-i3-14100-8gb.html
Combo Actualización AMD Ryzen 5 5600GT 16GB,645137,https://www.venex.com.ar/products_images/thumb/1747747234_8.jpg,componentes-de-pc/combos-de-actualizacion,https://www.venex.com.ar/componentes-de-pc/combos-de-actualizacion/combo-de-actualizacion-amd-ryzen-5-5600gt-16gb.html
Combo Actualización AMD Ryzen 7 5700G 16GB,709537,https://www.venex.com.ar/products_images/thumb/1747745868_3.jpg,componentes-de-pc/combos-de-actualizacion,https://www.venex.com.ar/componentes-de-pc/combos-de-actualizacion/combo-de-actualizacion-amd-ryzen-7-5700g-16gb.html
Combo Actualización Intel Core i5 12400 16GB,749787,https://www.venex.com.ar/products_images/thumb/1747746641_6.jpg,componentes-de-pc/combos-de-actualizacion,https://www.venex.com.ar/componentes-de-pc/combos-de-actualizacion/combo-de-actualizacion-intel-core-i5-12400-16gb.html
Combo Actualización Intel Core i5 14400 16GB,807862,https://www.venex.com.ar/products_images/thumb/1747747790_10.jpg,componentes-de-pc/combos-de-actualizacion,https://www.venex.com.ar/componentes-de-pc/combos-de-actualizacion/combo-de-actualizacion-intel-core-i5-14400-16gb.html
Combo Actualización Intel Core i7 12700 16GB,1047626,https://www.venex.com.ar/products_images/thumb/1747746943_7.jpg,componentes-de-pc/combos-de-actualizacion,https://www.venex.com.ar/componentes-de-pc/combos-de-actualizacion/combo-de-actualizacion-intel-core-i7-12700-16gb.html
Combo ASUS Placa de video RX 9060 XT 16GB Dual + Fuente ASUS...,1149999,https://www.venex.com.ar/products_images/thumb/1786130310_combo_de_actualizacion_asus_dual__amd_radeon_rx_9060_xt_16gb___fuente_asus_prime_650wpng,componentes-de-pc/combos-de-actualizacion,https://www.venex.com.ar/componentes-de-pc/combos-de-actualizacion/combo-de-actualizacion-asus-amd-radeon-rx-9060-xt-16gb-dual-fuente-750w.html
Combo Actualización AMD Ryzen 5 8600G 16GB,1163212,https://www.venex.com.ar/products_images/thumb/1779220389_diseno_sin_titulo_46png,componentes-de-pc/combos-de-actualizacion,https://www.venex.com.ar/componentes-de-pc/combos-de-actualizacion/combo-de-actualizacion-amd-ryzen-5-8600g-16gb.html
Combo Actualización AMD Ryzen 5 7600 16GB,1167237,https://www.venex.com.ar/products_images/thumb/1779220287_diseno_sin_titulo_45png,componentes-de-pc/combos-de-actualizacion,https://www.venex.com.ar/componentes-de-pc/combos-de-actualizacion/combo-actualizacion-amd-ryzen-5-7600-16gb.html
Combo de Actualizacion ASUS Prime NVIDIA GeForce RTX 5060 Ti...,1253487,https://www.venex.com.ar/products_images/thumb/1786110113_combo_de_actualizacion_asus_prime_nvidia_geforce_rtx_5060_ti_8gb___fuente_asus_prime_650w_2png,componentes-de-pc/combos-de-actualizacion,https://www.venex.com.ar/componentes-de-pc/combos-de-actualizacion/combo-de-actualizacion-asus-prime-nvidia-geforce-rtx-5060-ti-8gb-fuente-asus-prime-650w.html
Combo Actualización AMD Ryzen 7 8700G 16GB,1283387,https://www.venex.com.ar/products_images/thumb/1712772075_combo-7800g.jpg,componentes-de-pc/combos-de-actualizacion,https://www.venex.com.ar/componentes-de-pc/combos-de-actualizacion/combo-de-actualizacion-amd-ryzen-7-8700g-16gb.html
Notebook Lenovo IdeaPad Slim 3 15IAN8 Intel N100 8GB 128GB...,770488,https://www.venex.com.ar/products_images/thumb/1785420335_notebook_lenovo_ideapad_slim_3_15ian8_intel_n100_8gb_128gb_156jpg,notebooks,https://www.venex.com.ar/notebooks/notebook-lenovo-ideapad-slim-3-15ian8-8gb-128gb-15-6-w11-artic-grey.html
"Notebook ASUS Vivobook X1404VA Core i3 1315U 8GB 128GB 14"" W11...",873988,https://www.venex.com.ar/products_images/thumb/1782745188_notebook_asus_vivobook_x1404va_core_i3-1315u_8gb_128gb_w11_14_quiet_bluejpg,notebooks,https://www.venex.com.ar/notebooks/notebook-asus-vivobook-x1404va-core-i3-1315u-8gb-128gb-w11-14-quiet-blue.html
"Notebook CX CX40082 Ryzen 5 3500U 8GB 256GB 15.6""",942988,https://www.venex.com.ar/products_images/thumb/1774971941_notebook-cx-cx40082-amd-ryzen-5-3500u-8gb-ssd-256-156-free-ips-fhdjpg,notebooks,https://www.venex.com.ar/notebooks/notebook-cx-cx40082-amd-ryzen-5-3500u-8gb-ssd-256-15-6-free-ips-fhd.html
"Notebook HP 255R G10 Ryzen 3 7335U 16GB 256GB 15.6""",1069488,https://www.venex.com.ar/products_images/thumb/1786733260_notebook_hp_255r_g10_ryzen_3_7335u_16gb_256gb_156jpg,notebooks,https://www.venex.com.ar/notebooks/notebook-hp-255r-g10-ryzen-3-7335u-16gb-256gb-15-6.html
Notebook Lenovo Ideapad Slim 3 15AMN8 Ryzen 5 7520U 8GB 256GB...,1103988,https://www.venex.com.ar/products_images/thumb/1788551255_notebook_lenovo_ideapad_slim_3_15amn8_ryzen_5_7520u_8gb_256gb_156jpg,notebooks,https://www.venex.com.ar/notebooks/notebook-lenovo-ideapad-slim-3-15amn8-ryzen-5-7520u-8gb-256gb-15-6-w11-abyss-blue.html
"Notebook HP 245 G10 Ryzen 3 7330U 8GB 512GB 14""",1115488,https://www.venex.com.ar/products_images/thumb/1785787764_notebook_hp_245_g10_ryzen_3_7330u_8gb_512gb_14jpg,notebooks,https://www.venex.com.ar/notebooks/notebook-hp-245-g10-ryzen-3-7330u-8gb-512gb-14.html
"Notebook CX CX30682 Core i5 12450H 8GB 256GB 15.6""",1126988,https://www.venex.com.ar/products_images/thumb/1774973497_notebook-cx-cx30682-intel-core-i5-12450h-8gb-ssd-256gb-156-freejpg,notebooks,https://www.venex.com.ar/notebooks/notebook-cx-cx30682-intel-core-i5-12450h-8gb-ssd-256gb-15-6-free.html
"Notebook HP 245 G10 Ryzen 3 7330U 16GB 512GB 14""",1207488,https://www.venex.com.ar/products_images/thumb/1786042178_notebook_hp_245_g10_ryzen_3_7330u_16gb_512gb_14jpg,notebooks,https://www.venex.com.ar/notebooks/notebook-hp-245-g10-ryzen-3-7330u-16gb-512gb-14.html
Notebook Lenovo V15 G4 Ryzen 5 7520U 8Gb SSD 512Gb 15.6 Free,1241988,https://www.venex.com.ar/products_images/thumb/1785848789_notebook_lenovo_v15_g4_ryzen_5_7520u_8gb_ssd_512gb_156_freejpg,notebooks,https://www.venex.com.ar/notebooks/notebook-lenovo-v15-g4-ryzen-5-7520u-8gb-ssd-512gb-15-6-free.html
"Notebook CX CX30682 Core i5 12450H 16GB 256GB 15.6""",1264988,https://www.venex.com.ar/products_images/thumb/1774979440_notebook-cx-cx30682-intel-core-i5-12450h-16gb-ssd-256gb-156-freejpg,notebooks,https://www.venex.com.ar/notebooks/notebook-cx-cx30682-intel-core-i5-12450h-16gb-ssd-256gb-15-6-free.html
"Notebook CX CX40115 AMD Ryzen 5 7430U 16GB 512GB 15.6""",1264988,https://www.venex.com.ar/products_images/thumb/1787150316_notebook_cx_cx40115_amd_ryzen_5_7430u_16gb_512gb_156jpg,notebooks,https://www.venex.com.ar/notebooks/notebook-cx-cx40115-amd-ryzen-5-7430u-16gb-512gb-15-6.html
"Notebook Lenovo V15 G4 Ryzen 3 7320U 16GB 512GB 15.6"" Arctic...",1264988,https://www.venex.com.ar/products_images/thumb/1774978871_notebook-lenovo-v15-g4-ryzen-3-7320u-16gb-ssd-512gb-156-fhd-freejpg,notebooks,https://www.venex.com.ar/notebooks/notebook-lenovo-v15-g4-ryzen-3-7320u-16gb-ssd-512gb-15-6-fhd-free.html
Soporte Base Notebook Genius G-Stand M250 Grey de Aluminio,21849,https://www.venex.com.ar/products_images/thumb/1751285560_1.jpg,monitores/19-a-28-pulgadas,https://www.venex.com.ar/soportes/soporte-base-notebook-genius-g-stand-m250-grey-de-aluminio.html
Base para Notebook Fantech NC14 C/Cooler USB A RGB Negro,34488,https://www.venex.com.ar/products_images/thumb/1786718453_base_para_notebook_fantech_nc14_ccooler_usb_a_rgb_negropng,monitores/19-a-28-pulgadas,https://www.venex.com.ar/soportes/base-para-notebook-fantech-nc14-c-cooler-usb-a-rgb.html
Soporte Ajustable para Microfono Fantech AC902S,37938,https://www.venex.com.ar/products_images/thumb/1786544613_soporte_ajustable_para_microfono_fantech_ac902s_1png,monitores/19-a-28-pulgadas,https://www.venex.com.ar/soportes/soporte-ajustable-para-microfono-fantech-ac902s.html
Base para Notebook Fantech NC21 C/Cooler USB A-C RGB Negro,45988,https://www.venex.com.ar/products_images/thumb/1786718810_base_para_notebook_fantech_nc21_c_1png,monitores/19-a-28-pulgadas,https://www.venex.com.ar/soportes/base-para-notebook-fantech-nc14-c-cooler-usb-a-rgb-1.html
Soporte Redragon Celestial Para Auriculares y Joystick 18Cm,45988,https://www.venex.com.ar/products_images/thumb/1753707137_1.jpg,monitores/19-a-28-pulgadas,https://www.venex.com.ar/soportes/soporte-redragon-celestial-para-auriculares-y-joystick-18cm.html
Soporte Redragon Comet Para Table Celular Ajustable Metalico,45988,https://www.venex.com.ar/products_images/thumb/1753712654_1.jpg,monitores/19-a-28-pulgadas,https://www.venex.com.ar/soportes/soporte-redragon-comet-para-table-celular-ajustable-metalico.html
Camara IP Cloud Tp-Link TAPO C210,49449,https://www.venex.com.ar/products_images/thumb/1713885803_cam1.jpg,monitores/19-a-28-pulgadas,https://www.venex.com.ar/camaras-ip/camara-ip-cloud-tp-link-tapo-c210.html
Camara IP Ezviz H6C 4MM 360 2MP Interior,55199,https://www.venex.com.ar/products_images/thumb/1749752715_1.jpg,monitores/19-a-28-pulgadas,https://www.venex.com.ar/camaras-ip/camara-ip-ezviz-h6c-4mm-360-2mp-interior.html
Reloj Smartwatch Xiaomi MI Smart Band 9 Active Black,51738,https://www.venex.com.ar/products_images/thumb/1773932261_reloj_smartwatch_xiaomi_mi_smart_band_9_active_blackpng,monitores/19-a-28-pulgadas,https://www.venex.com.ar/relojes-smartwatch/reloj-smartwatch-xiaomi-mi-smart-band-9-active-black.html
Base para Notebook Fantech NC22 C/Cooler x1 USB-A Black RGB,57488,https://www.venex.com.ar/products_images/thumb/1787921209_base_para_notebook_fantech_nc22_ccooler_x1_usb-a_black_rgb_4png,monitores/19-a-28-pulgadas,https://www.venex.com.ar/soportes/base-para-notebook-fantech-nc22-c-cooler-x1-usb-a-black-rgb.html
Soporte Redragon Zenith Para Monitor Con Cargador Inalambrico,60938,https://www.venex.com.ar/products_images/thumb/1753710688_3.jpg,monitores/19-a-28-pulgadas,https://www.venex.com.ar/soportes/soporte-redragon-zenith-para-monitor-con-cargador-inalambrico.html
Camara IP Cloud TP-Link Tapo C220 2K QHD,63824,https://www.venex.com.ar/products_images/thumb/1748435272_1.jpg,monitores/19-a-28-pulgadas,https://www.venex.com.ar/camaras-ip/camara-ip-cloud-tp-link-tapo-c220-2k-qhd.html
Monitor 27 Philips 272V8LA/5 VA FHD 75Hz,218488,https://www.venex.com.ar/products_images/thumb/1632859032_272v8la_00-ims-es_es.jpg,monitores/27-a-32-pulgadas,https://www.venex.com.ar/monitores/27-a-32-pulgadas/monitor-27-philips-272v8la-5-hdmi-va-fhd-75hz.html
"Monitor Asus 27"" Full HD 100Hz IPS VA27EHF-J 'Eye Care'",246674,https://www.venex.com.ar/products_images/thumb/1737645576_11.jpg,monitores/27-a-32-pulgadas,https://www.venex.com.ar/monitores/27-a-32-pulgadas/monitor-27-asus-va27ehf-ips-fhd-1ms-100hz.html
Monitor 27 Philips Curvo 271E1SCA/55 FHD 75Hz,247238,https://www.venex.com.ar/products_images/thumb/1639157228_moni.jpg,monitores/27-a-32-pulgadas,https://www.venex.com.ar/monitores/27-a-32-pulgadas/monitor-27-philips-curvo-27e1sca-55-full-hd.html
"Monitor Gamer Arkham ARK27220 27"" Full HD IPS 220Hz",247238,https://www.venex.com.ar/products_images/thumb/1785862836_monitor_gamer_arkham_27_fhd_220hz_1png,monitores/27-a-32-pulgadas,https://www.venex.com.ar/monitores/27-a-32-pulgadas/monitor-gamer-arkham-27-fhd-220hz.html
"Monitor Solarmax 27"" Full HD 75Hz VA SX27F3",247249,https://www.venex.com.ar/products_images/thumb/1751641792_3.jpg,monitores/27-a-32-pulgadas,https://www.venex.com.ar/monitores/27-a-32-pulgadas/monitor-27-solarmax-sx27f3-hdmi-vga-va-fhd-75hz.html
"Monitor ViewSonic VA 27"" Full HD 100Hz IPS VA2714-H",252999,https://www.venex.com.ar/products_images/thumb/1764679594_70.jpg,monitores/27-a-32-pulgadas,https://www.venex.com.ar/monitores/27-a-32-pulgadas/monitor-27-viewsonic-va2714-h-fhd-ips-4ms-100hz.html
"Monitor LG 27"" Full HD 100Hz IPS 27MS500-B",282899,https://www.venex.com.ar/products_images/thumb/1724243812_5.jpg,monitores/27-a-32-pulgadas,https://www.venex.com.ar/monitores/27-a-32-pulgadas/monitor-27-lg-27ms500-b-tn-fhd-100hz.html
"Monitor Noblex 27"" Full HD 100Hz IPS 94NXSM2700",283462,https://www.venex.com.ar/products_images/thumb/1738762068_22.jpg,monitores/27-a-32-pulgadas,https://www.venex.com.ar/monitores/27-a-32-pulgadas/monitor-27-noblex-nxsm2700-ips-fhd-100hz.html
"Monitor Gamer ViewSonic VX2729 27"" Full HD 200Hz",296699,https://www.venex.com.ar/products_images/thumb/1777476579_monitor_27_viewsonic_vx2729_1ms_fhd_200hzjpg,monitores/27-a-32-pulgadas,https://www.venex.com.ar/monitores/27-a-32-pulgadas/monitor-27-viewsonic-vx2729-1ms-fhd-200hz.html
"Monitor Gamer Raptor Hawk Eye Frameless 27"" Full HD IPS 200Hz",303588,https://www.venex.com.ar/products_images/thumb/1780505047_moni-raptor-1png,monitores/27-a-32-pulgadas,https://www.venex.com.ar/monitores/27-a-32-pulgadas/monitor-27-raptor-hawk-eye-frameless-fhd-hdmi-dp-1ms-ips-200hz.html
"Monitor Gamer Gigabyte GS27FC-SA 27"" Full HD VA 180Hz Curvo",304738,https://www.venex.com.ar/products_images/thumb/1741789127_4.jpg,monitores/27-a-32-pulgadas,https://www.venex.com.ar/monitores/27-a-32-pulgadas/monitor-27-gigabyte-gs27fc-sa-edge-va-hdr-fhd-curvo-1ms-180hz.html
"Monitor Gamer Gigabyte GS27FA 27"" Full HD IPS 180Hz",313938,https://www.venex.com.ar/products_images/thumb/1771508150_monitorgigabytepng,monitores/27-a-32-pulgadas,https://www.venex.com.ar/monitores/27-a-32-pulgadas/monitor-27-gigabyte-gs27fa-sa-fhd-ips-1ms-180hz.html
"Monitor Gamer Asus TUF Gaming VG34VQL3A-J 34"" UWQHD 180Hz 1ms...",1011999,https://www.venex.com.ar/products_images/thumb/1774457665_monitor_34_asus_vg34vql3a-j_tuf_gaming_uwqhd_180hz_1mspng,monitores/33-pulgadas-y-superior,https://www.venex.com.ar/monitores/33-pulgadas-y-superior/monitor-34-asus-vg34vql3a-j-tuf-gaming-uwqhd-180hz-1ms.html
"Monitor ViewSonic VX 43"" 4K UHD VX4381-4K",1322488,https://www.venex.com.ar/products_images/thumb/1781723950_monitor_viewsonic_vx4381-4k_43_4k_uhd_hdr10png,monitores/33-pulgadas-y-superior,https://www.venex.com.ar/monitores/33-pulgadas-y-superior/monitor-viewsonic-vx4381-4k-43-4k-uhd-hdr10.html
Proyector Epson Powerlite E24 3600 ANSI XGA,1034999,https://www.venex.com.ar/products_images/thumb/1788450024_proyector_epson_powerlite_e24_3600_ansi_xga_1png,monitores/proyectores-y-pantallas,https://www.venex.com.ar/monitores/proyectores-y-pantallas/proyector-epson-powerlite-e24-3600-ansi-xga.html
Apoyamuñeca Aula Wrist Rest F75 Degrade Blue,10338,https://www.venex.com.ar/products_images/thumb/1780325939_apoyamuneca_aula_f75_degrade_bluepng,perifericos/teclados,https://www.venex.com.ar/perifericos/teclados/apoyamu-eca-aula-f75-degrade-blue.html
Apoyamuñeca Aula Wrist Rest F75 Degrade Gray,10338,https://www.venex.com.ar/products_images/thumb/1780324947_apoyamuneca_aula_f75_degrade_graypng,perifericos/teclados,https://www.venex.com.ar/perifericos/teclados/apoyamu-eca-aula-f75-degrade-gray.html
Teclado Genius KB-100 Español USB Negro,11499,https://www.venex.com.ar/products_images/thumb/1597251120_..jpg,perifericos/teclados,https://www.venex.com.ar/perifericos/teclados/teclado-genius-kb-100-black-usb.html
Teclado Genius KB-117 Español USB Negro,11499,https://www.venex.com.ar/products_images/thumb/1789154766_teclado_genius_kb-117_espanol_usb_negropng,perifericos/teclados,https://www.venex.com.ar/perifericos/teclados/teclado-genius-kb-117-usb-black.html
Teclado Genius KB-118 II SP USB Black,12074,https://www.venex.com.ar/products_images/thumb/1694693166_118-1.jpg,perifericos/teclados,https://www.venex.com.ar/perifericos/teclados/teclado-genius-kb-118-ii-espa-ol-usb-black.html
Teclado Genius Numerico NumPad 110 USB Negro,12649,https://www.venex.com.ar/products_images/thumb/1789155590_teclado_genius_numerico_numpad_110_usb_negropng,perifericos/teclados,https://www.venex.com.ar/perifericos/teclados/teclado-genius-numerico-110-black.html
Teclado Genius Numerico NumPad 1000 Wireless Negro,14949,https://www.venex.com.ar/products_images/thumb/1739537527_2.jpg,perifericos/teclados,https://www.venex.com.ar/perifericos/teclados/teclado-genius-numerico-1000-wireless-black.html
Teclado Logitech K120 USB,16099,https://www.venex.com.ar/products_images/thumb/1789154968_diseno_sin_titulo_-_2026-09-11t162910767png,perifericos/teclados,https://www.venex.com.ar/perifericos/teclados/teclado-logitech-k120-usb.html
Teclado Genius Slimstar 820 Español USB Negro RGB,17249,https://www.venex.com.ar/products_images/thumb/1751543623_1.jpg,perifericos/teclados,https://www.venex.com.ar/perifericos/teclados/teclado-genius-slimstar-820-retroiluminado-sp-usb-black.html
Teclado Logitech K250 Español Wireless Blanco,28749,https://www.venex.com.ar/products_images/thumb/1778593038_teclado_inalambrico_logitech_k250_white_esppng,perifericos/teclados,https://www.venex.com.ar/perifericos/teclados/teclado-inalambrico-logitech-k250-white-esp.html
Teclado Redragon K509 Dyaus 2 Español,38639,https://www.venex.com.ar/products_images/thumb/1789154912_diseno_sin_titulo_-_2026-09-11t162805506png,perifericos/teclados,https://www.venex.com.ar/perifericos/teclados/teclado-redragon-k509-dyaus-2-esp-semi-mecanico.html
Teclado Mecánico Fantech ATOM63 MK874V2 MORI Edition...,40238,https://www.venex.com.ar/products_images/thumb/1787944108_teclado_mecanico_fantech_atom63_mk874v2_mori__2png,perifericos/teclados,https://www.venex.com.ar/perifericos/teclados/teclado-fantech-atom63-rgb-mk874v2-mori-edition-60-taro-switch-ing.html
Mousepad Raptor Ultra Glide S 260x210x3mm,4013,https://www.venex.com.ar/products_images/thumb/1762958523_mous.jpg,perifericos/mousepads,https://www.venex.com.ar/perifericos/mousepads/mousepad-raptor-ultra-glide-s-260x210x3mm.html
Mouse Pad Fantech MP64 Basic 640x210x2mm Black,5738,https://www.venex.com.ar/products_images/thumb/1788553168_diseno_sin_titulo_-_2026-09-04t171913701png,perifericos/mousepads,https://www.venex.com.ar/perifericos/mousepads/mouse-pad-fantech-mp64-basic-640x210x2mm-black.html
Mousepad Aula MP-W Small Speed 250 X 210 X 2mm Black/Red,6899,https://www.venex.com.ar/products_images/thumb/1780082231_mousepad_aula_mp-w_smallpng,perifericos/mousepads,https://www.venex.com.ar/perifericos/mousepads/mousepad-aula-mp-w-small-speed-250-x-210-x-2mm-black-red.html
Mousepad Raptor Ultra Glide L 450x400x3mm,11488,https://www.venex.com.ar/products_images/thumb/1762957816_mou.jpg,perifericos/mousepads,https://www.venex.com.ar/perifericos/mousepads/mousepad-raptor-ultra-glide-l-450x400x3mm.html
Mouse Pad Venex Con Gel Cristal,13097,https://www.venex.com.ar/products_images/thumb/1762778615_66.jpg,perifericos/mousepads,https://www.venex.com.ar/perifericos/mousepads/mouse-pad-con-gel-cristal.html
Mouse Pad Fantech Agile MP353 350X300X4mm Speed Edition Black,13788,https://www.venex.com.ar/products_images/thumb/1765988064_mouse_pad_fantech_agile_mp353-1.jpg,perifericos/mousepads,https://www.venex.com.ar/perifericos/mousepads/mouse-pad-fantech-agile-mp353-350x300x4mm-speed-edition-black.html
Mouse Pad Fantech Agile MP353 350X300X4mm Speed Edition Grey,13788,https://www.venex.com.ar/products_images/thumb/1765988447_mousepad_agile_mp353-1.jpg,perifericos/mousepads,https://www.venex.com.ar/perifericos/mousepads/mouse-pad-fantech-agile-mp353-350x300x4mm-speed-edition-grey.html
Mouse Pad Fantech Vigil MP356 M 350x300x4mm Control Edition...,13788,https://www.venex.com.ar/products_images/thumb/1765799567_mouse_pad_fantech_vigil_mp356-1.jpg,perifericos/mousepads,https://www.venex.com.ar/perifericos/mousepads/mouse-pad-fantech-vigil-mp356-350x300x4mm-speed-edition-slippery.html
Mousepad Raptor Ultra Glide L 700x300x3mm,13788,https://www.venex.com.ar/products_images/thumb/1788528389_mousepad_raptor_ultra_glide_l_700x300x3mmpng,perifericos/mousepads,https://www.venex.com.ar/perifericos/mousepads/mousepad-raptor-ultra-glide-l-700x300x3mm.html
Mousepad Raptor Ultra Glide XL 900x400x3mm,15513,https://www.venex.com.ar/products_images/thumb/1762959640_mo.jpg,perifericos/mousepads,https://www.venex.com.ar/perifericos/mousepads/mousepad-raptor-ultra-glide-xl-900x400x3mm.html
Mousepad Fantech MP70 XL 700x300x3mm Blue,17238,https://www.venex.com.ar/products_images/thumb/1786392832_mousepad_fantech_mp70_xl_700x300x3mm_blue_1png,perifericos/mousepads,https://www.venex.com.ar/perifericos/mousepads/mousepad-fantech-mp70-xl-700x300x3mm.html
Mousepad Fantech MP70 XL 700x300x3mm Pink,17238,https://www.venex.com.ar/products_images/thumb/1786393165_mousepad_fantech_mp70_xl_700x300x3mm_pinkpng,perifericos/mousepads,https://www.venex.com.ar/perifericos/mousepads/mousepad-fantech-mp70-xl-700x300x3mm-1.html
Auricular Redragon H120 Ares RGB C/Microfono S/Adaptador,31049,https://www.venex.com.ar/products_images/thumb/1590006800_auriculargamerredragonaresh120micalmohadillad_nq_np_691174mla31750731452_082019f.jpg,perifericos/auriculares/gamer,https://www.venex.com.ar/perifericos/auriculares/gamer/auricular-redragon-ares-c-microfono-s-adaptador.html
Auriculares Fantech HQ54 Mars II Negro,32188,https://www.venex.com.ar/products_images/thumb/1787596963_auriculares_fantech_hq54_mars_ii_negro_1png,perifericos/auriculares/gamer,https://www.venex.com.ar/perifericos/auriculares/gamer/auriculares-fantech-hq54-mars-ii-negro.html
Auricular Fantech MH89 Valor II Black 3.5MM,34488,https://www.venex.com.ar/products_images/thumb/1770818365_auricularfantechmh89png,perifericos/auriculares/gamer,https://www.venex.com.ar/perifericos/auriculares/gamer/auricular-fantech-mh89-valor-ii-black-3-5mm.html
Auriculares Fantech HQ55 Portal Negro,34488,https://www.venex.com.ar/products_images/thumb/1788265006_auriculares_fantech_hq55_portal_negro_1png,perifericos/auriculares/gamer,https://www.venex.com.ar/perifericos/auriculares/gamer/auriculares-fantech-hq55-portal-negro.html
Auricular Redragon Cronius H211 RGB Black,35189,https://www.venex.com.ar/products_images/thumb/1747138693_4.jpg,perifericos/auriculares/gamer,https://www.venex.com.ar/perifericos/auriculares/gamer/auricular-redragon-cronius-h1-rgb-black.html
Auricular Redragon Cronus H211 RGB White,35189,https://www.venex.com.ar/products_images/thumb/1747140843_2.jpg,perifericos/auriculares/gamer,https://www.venex.com.ar/perifericos/auriculares/gamer/auricular-redragon-cronus-h211-rgb-white.html
Auriculares Fantech HG25 Orbit 7.1 Negro,40238,https://www.venex.com.ar/products_images/thumb/1788362746_auriculares_fantech_hg25_orbit_71_negro_1png,perifericos/auriculares/gamer,https://www.venex.com.ar/perifericos/auriculares/gamer/auriculares-fantech-hg25-orbit-7-1-negro.html
Auricular Redragon H260 Hylas Black RGB,42549,https://www.venex.com.ar/products_images/thumb/1739887077_2.jpg,perifericos/auriculares/gamer,https://www.venex.com.ar/perifericos/auriculares/gamer/auricular-redragon-h260-hylas-black-rgb.html
Auricular Redragon H260 Hylas Blanco RGB,47149,https://www.venex.com.ar/products_images/thumb/1642787206_5256.jpg,perifericos/auriculares/gamer,https://www.venex.com.ar/perifericos/auriculares/gamer/auricular-redragon-h260-hylas-blanco-rgb.html
Auricular Fantech MH91 Alto Black,57488,https://www.venex.com.ar/products_images/thumb/1770817798_tecladofantechmh91png,perifericos/auriculares/gamer,https://www.venex.com.ar/perifericos/auriculares/gamer/auricular-fantech-mh91-alto-black.html
Auricular Inalambrico Hyperx Cloud Mini White,57488,https://www.venex.com.ar/products_images/thumb/1754396009_1.jpg,perifericos/auriculares/gamer,https://www.venex.com.ar/perifericos/auriculares/gamer/auricular-inalambrico-hyperx-cloud-mini-p-ni-os-white.html
Auriculares Aula S6 Wireless,58638,https://www.venex.com.ar/products_images/thumb/1783109463_auriculares_aula_s6_wireless1png,perifericos/auriculares/gamer,https://www.venex.com.ar/perifericos/auriculares/gamer/auriculares-aula-s6-wireless.html
Auricular Genius HS-04S Dual Plug,17249,https://www.venex.com.ar/products_images/thumb/1472507567_04s1.jpg,perifericos/auriculares/oficina-y-urbano,https://www.venex.com.ar/perifericos/auriculares/oficina-y-urbano/auricular-genius-hs---04s.html
Auricular Logitech H111 Single Plug,25069,https://www.venex.com.ar/products_images/thumb/1472507338_h111a.jpg,perifericos/auriculares/oficina-y-urbano,https://www.venex.com.ar/perifericos/auriculares/oficina-y-urbano/auricular-logitech-pc-stereo-h111.html
Auricular Genius HS-220U USB Digital,28749,https://www.venex.com.ar/products_images/thumb/1776956045_auricular_genius_hs-220u_usb_digitalpng,perifericos/auriculares/oficina-y-urbano,https://www.venex.com.ar/perifericos/auriculares/oficina-y-urbano/auricular-genius-hs-220u-usb-digital.html
Auriculares Genius HS-230U USB-A,32199,https://www.venex.com.ar/products_images/thumb/1740748894_2.jpg,perifericos/auriculares/oficina-y-urbano,https://www.venex.com.ar/perifericos/auriculares/oficina-y-urbano/auriculares-genius-hs-230u-usb-a.html
Auricular Genius HS-235U AI USB,32889,https://www.venex.com.ar/products_images/thumb/1777043698_auricular_genius_hs-235u_ai_usbpng,perifericos/auriculares/oficina-y-urbano,https://www.venex.com.ar/perifericos/auriculares/oficina-y-urbano/auricular-genius-hs-235u-ai-usb.html
Auricular Logitech H151 Single Plug,37374,https://www.venex.com.ar/products_images/thumb/1472568131_h151a.jpg,perifericos/auriculares/oficina-y-urbano,https://www.venex.com.ar/perifericos/auriculares/oficina-y-urbano/auricular-logitech-pc-stereo-h151.html
Auricular Inalambrico Bluetooth Genius Hs-820Bt Black,39674,https://www.venex.com.ar/products_images/thumb/1777043269_genius_hs-820btpng,perifericos/auriculares/oficina-y-urbano,https://www.venex.com.ar/perifericos/auriculares/oficina-y-urbano/auricular-inalambrico-bluetooth-genius-hs-820bt-black.html
Auricular Inalambrico Genius HS-810BT Black,39674,https://www.venex.com.ar/products_images/thumb/1777043582_auricular_inalambrico_genius_hs-810bt_blackpng,perifericos/auriculares/oficina-y-urbano,https://www.venex.com.ar/perifericos/auriculares/oficina-y-urbano/auricular-inalambrico-genius-hs-81obt-black.html
Auricular Logitech H390 USB,59109,https://www.venex.com.ar/products_images/thumb/1473455130_h3908.jpg,perifericos/auriculares/oficina-y-urbano,https://www.venex.com.ar/perifericos/auriculares/oficina-y-urbano/auricular-logitech-pc-sterio-h390-usb.html
Auricular Logitech H390 Usb-C Black,62099,https://www.venex.com.ar/products_images/thumb/1776882239_auricular_logitech_h390_usb-c_blackpng,perifericos/auriculares/oficina-y-urbano,https://www.venex.com.ar/perifericos/auriculares/oficina-y-urbano/auricular-logitech-h390-usb-c-black.html
Auricular JBL Quantum 50C White,68999,https://www.venex.com.ar/products_images/thumb/1769436792_jbl.jpg,perifericos/auriculares/oficina-y-urbano,https://www.venex.com.ar/perifericos/auriculares/oficina-y-urbano/auricular-jbl-quantum-50c-white.html
Auricular JBL Quantum 50C Black,69919,https://www.venex.com.ar/products_images/thumb/1769436529_jbl.jpg,perifericos/auriculares/oficina-y-urbano,https://www.venex.com.ar/perifericos/auriculares/oficina-y-urbano/auricular-jbl-quantum-50c-black.html
Microfono Fantech MCX03 Leviosa Max RGB White USB Type C,51738,https://www.venex.com.ar/products_images/thumb/1770832279_fantechpng,perifericos/microfonos,https://www.venex.com.ar/perifericos/microfonos/microfono-fantech-mcx03-leviosa-max-rgb-white-usb-Type-C.html
Microfono Fantech MCX01 Leviosa RGB Black USB,60938,https://www.venex.com.ar/products_images/thumb/1770831743_microfonofantechpng,perifericos/microfonos,https://www.venex.com.ar/perifericos/microfonos/microfono-fantech-mcx01-leviosa-rgb-black-usb.html
Microfono Fantech MCX04 Leviosa Aura USB C RGB,68988,https://www.venex.com.ar/products_images/thumb/1786543286_microfono_fantech_mcx04_leviosa_aura__1png,perifericos/microfonos,https://www.venex.com.ar/perifericos/microfonos/microfono-fantech-mcx04-leviosa-aura-usb-c-rgb.html
Microfono Redragon Blazar GM300,120738,https://www.venex.com.ar/products_images/thumb/1599250277_200629redragongm300blazar512x512.jpg,perifericos/microfonos,https://www.venex.com.ar/perifericos/microfonos/microfono-redragon-blazar-gm300.html
Microfono Hyperx Solocast,141438,https://www.venex.com.ar/products_images/thumb/1611173585_hx-product-solocast-1-zm-lg.jpg,perifericos/microfonos,https://www.venex.com.ar/perifericos/microfonos/microfono-hyperx-gaming-solocast-negro-pc-mac-ps4.html
Micrófono Razer Seiren V3 Chroma USB Tipo-A RGB,233449,https://www.venex.com.ar/products_images/thumb/1785163072_microfono_razer_seiren_v3_chroma_usb_rgb_1png,perifericos/microfonos,https://www.venex.com.ar/perifericos/microfonos/microfono-razer-seiren-v3-chroma-usb-rgb.html
Microfono Razer Seiren V3 Chroma USB Tipo-A RGB,238049,https://www.venex.com.ar/products_images/thumb/1785157931_microfono_razer_seiren_v3_chroma_rgb_usb_tipo-a_black_1png,perifericos/microfonos,https://www.venex.com.ar/perifericos/microfonos/microfono-razer-seiren-v3-chroma-rgb-usb-tipo-a-black.html
Microfono HyperX Quadcast 2 Black,258738,https://www.venex.com.ar/products_images/thumb/1739362854_9.jpg,perifericos/microfonos,https://www.venex.com.ar/perifericos/microfonos/microfono-hyperx-quadcast-2-rgb-black.html
Microfono Hyperx Quadcast 2S USB RGB,356488,https://www.venex.com.ar/products_images/thumb/1745332922_1.jpg,perifericos/microfonos,https://www.venex.com.ar/perifericos/microfonos/microfono-hyperx-quadcast-2s-usb-rgb.html
Webcam Logitech C270,42549,https://www.venex.com.ar/products_images/thumb/logitechc270.jpg,perifericos/webcams,https://www.venex.com.ar/perifericos/webcams/webcam-logitech-c270.html
Webcam Fantech C30 Luminous 2K USB,63238,https://www.venex.com.ar/products_images/thumb/1765542302_webcam_fantech_c30-1.jpg,perifericos/webcams,https://www.venex.com.ar/perifericos/webcams/webcam-fantech-c30-luminous-2k-usb.html
Webcam Redragon GW800 Hitman 1080P Usb,68999,https://www.venex.com.ar/products_images/thumb/1662987330_hitman-800.jpg,perifericos/webcams,https://www.venex.com.ar/perifericos/webcams/webcam-redragon-gw800-hitman-1080p-usb.html
Webcam Genius Facecam Open Black Face Recognition Fhd,80499,https://www.venex.com.ar/products_images/thumb/1776198265_webcam_genius_facecam_open_black_face_recognition_fhdpng,perifericos/webcams,https://www.venex.com.ar/perifericos/webcams/webcam-genius-facecam-open-black-face-recognition-fhd.html
Webcam Redragon GW911 4K Usb,102349,https://www.venex.com.ar/products_images/thumb/1779135707_webcam_redragon_gw911_4k_usbjpg,perifericos/webcams,https://www.venex.com.ar/perifericos/webcams/webcam-redragon-gw911-4k-usb.html
Webcam Logitech Brio 300 Full HD,107639,https://www.venex.com.ar/mods/html/fil/Model/ProductGrouper/202/thumb_66a10b5eadf5a-grupo.png,perifericos/webcams,https://www.venex.com.ar/perifericos/webcams/webcam-logitech-brio-300-graphite-full-hd.html
Webcam Logitech C920s 1080p HD Stereo C/Tapa,156399,https://www.venex.com.ar/products_images/thumb/1568831533_hukj.jpg,perifericos/webcams,https://www.venex.com.ar/perifericos/webcams/webcam-logitech-c920s-fhd-stereo-c-tapa.html
Webcam Logitech C922 Pro Stream Usb FHD,175949,https://www.venex.com.ar/products_images/thumb/1510063639_sdgsdg.jpg,perifericos/webcams,https://www.venex.com.ar/perifericos/webcams/webcam-logitech-c922-usb-amr.html
Joystick Redragon Saturn Pc USB G807,32199,https://www.venex.com.ar/products_images/thumb/1534179393_fg.jpg,perifericos/joysticks-volantes-y-simuladores,https://www.venex.com.ar/perifericos/joysticks-volantes-y-simuladores/joystick-redraon-saturn-pc-ps3-usb.html
Joystick Redragon Rift G710 Black,34488,https://www.venex.com.ar/products_images/thumb/1788968807_diseno_sin_titulo_-_2026-09-09t124613604png,perifericos/joysticks-volantes-y-simuladores,https://www.venex.com.ar/perifericos/joysticks-volantes-y-simuladores/joystick-redragon-rift-g710-black.html
Joystick Fantech GP12 Revolver Black PC/PS3 Dual Mode,40238,https://www.venex.com.ar/products_images/thumb/1788361346_joystick_fantech_gp12_revolver_black_pcps3_dual_mode_3png,perifericos/joysticks-volantes-y-simuladores,https://www.venex.com.ar/perifericos/joysticks-volantes-y-simuladores/joystick-fantech-gp12-revolver-black-pc-ps3-dual-mode.html
Joystick Fantech GP13 Shooter II PC/PS3 Black,40238,https://www.venex.com.ar/products_images/thumb/1788360708_joystick_fantech_gp13_shooter_ii_pcps3_blackpng,perifericos/joysticks-volantes-y-simuladores,https://www.venex.com.ar/perifericos/joysticks-volantes-y-simuladores/joystick-inalambrico-fantech-wgp13-shooter-ii-pc-ps3-black.html
Joystick Logitech F310 Gaming Gamepad PC USB,37949,https://www.venex.com.ar/products_images/thumb/1518040446_f310gaminggamepadimages.jpg,perifericos/joysticks-volantes-y-simuladores,https://www.venex.com.ar/perifericos/joysticks-volantes-y-simuladores/joystick-logitech-f310-gaming-gamepad-pc-usb.html
Joystick Redragon Harrow G808 Pro Inalambrico,63249,https://www.venex.com.ar/products_images/thumb/1788968936_diseno_sin_titulo_-_2026-09-09t124843601png,perifericos/joysticks-volantes-y-simuladores,https://www.venex.com.ar/perifericos/joysticks-volantes-y-simuladores/joystick-redragon-harrow-pro.html
Joystick Inalambrico Logitech G F710 Para PC,61869,https://www.venex.com.ar/products_images/thumb/1655212731_f710-gallery-1.jpg,perifericos/joysticks-volantes-y-simuladores,https://www.venex.com.ar/perifericos/joysticks-volantes-y-simuladores/joystick-logitech-f710-wireless-gamepad.html
Joystick Fantech WGP13S Super Maxfit Inalambrico Shooter III...,68988,https://www.venex.com.ar/products_images/thumb/1787925573_joystick_fantech_wgp13s_super_maxfit_inalambrico_shooter_iii_anti_drift_grey_1png,perifericos/joysticks-volantes-y-simuladores,https://www.venex.com.ar/perifericos/joysticks-volantes-y-simuladores/joystick-fantech-wgp13s-inalambrico-shooter-iii-anti-drift-grey.html
Joystick Inalambrico Fantech WGP12S Revolver III Anti Drift...,68988,https://www.venex.com.ar/products_images/thumb/1788361412_joystick_inalambrico_fantech_wgp12s_revolver_iii_anti_drift_strikespeed_motion_sensor_1000hz_blackpng,perifericos/joysticks-volantes-y-simuladores,https://www.venex.com.ar/perifericos/joysticks-volantes-y-simuladores/joystick-inalambrico-fantech-wgp12s-revolver-iii-anti-drift-strikespeed-motion-sensor-1000hz-black.html
Joystick Inalambrico Fantech WGP12S Revolver III Anti Drift...,68988,https://www.venex.com.ar/products_images/thumb/1788361506_joystick_inalambrico_fantech_wgp12s_revolver_iii_anti_drift_strikespeed_motion_sensor_1000hz_whitepng,perifericos/joysticks-volantes-y-simuladores,https://www.venex.com.ar/perifericos/joysticks-volantes-y-simuladores/joystick-inalambrico-fantech-wgp12s-revolver-iii-anti-drift-strikespeed-motion-sensor-1000hz-white.html
Joystick Inalambrico Fantech WGP13S Shooter III Anti Drift...,68988,https://www.venex.com.ar/products_images/thumb/1788362168_joystick_inalambrico_fantech_wgp13s_shooter_iii_anti_drift_1000hz_blackpng,perifericos/joysticks-volantes-y-simuladores,https://www.venex.com.ar/perifericos/joysticks-volantes-y-simuladores/joystick-inalambrico-fantech-wgp13s-shooter-iii-anti-drift-1000hz-black.html
Joystick Inalambrico Fantech WGP13S Shooter III Anti Drift...,68988,https://www.venex.com.ar/products_images/thumb/1788361588_joystick_inalambrico_fantech_wgp13s_shooter_iii_anti_drift_1000hz_pinkpng,perifericos/joysticks-volantes-y-simuladores,https://www.venex.com.ar/perifericos/joysticks-volantes-y-simuladores/joystick-inalambrico-fantech-wgp13s-shooter-iii-anti-drift-1000hz-pink.html
Parlante Portatil Klipstreme Bluetooth Titan 12W,40238,https://www.venex.com.ar/mods/html/fil/Model/ProductGrouper/159/thumb_64624bcb8eced-titan-grupo.jpg,perifericos/audio/portatiles,https://www.venex.com.ar/perifericos/audio/portatiles/parlante-portatil-klipstreme-bluetooth-titan-12w-red.html
Parlante Portatil Moonki Sound Bluetooth MO-R88BT Negro,45988,https://www.venex.com.ar/products_images/thumb/1667318532_mo-r88bt-1.jpg,perifericos/audio/portatiles,https://www.venex.com.ar/perifericos/audio/portatiles/parlante-portatil-moonki-sound-bluetooth-mo-r88bt-negro.html
Soporte Base Notebook Genius G-Stand M250 Grey de Aluminio,21849,https://www.venex.com.ar/products_images/thumb/1751285560_1.jpg,perifericos/placas-de-sonido,https://www.venex.com.ar/soportes/soporte-base-notebook-genius-g-stand-m250-grey-de-aluminio.html
Base para Notebook Fantech NC14 C/Cooler USB A RGB Negro,34488,https://www.venex.com.ar/products_images/thumb/1786718453_base_para_notebook_fantech_nc14_ccooler_usb_a_rgb_negropng,perifericos/placas-de-sonido,https://www.venex.com.ar/soportes/base-para-notebook-fantech-nc14-c-cooler-usb-a-rgb.html
Soporte Ajustable para Microfono Fantech AC902S,37938,https://www.venex.com.ar/products_images/thumb/1786544613_soporte_ajustable_para_microfono_fantech_ac902s_1png,perifericos/placas-de-sonido,https://www.venex.com.ar/soportes/soporte-ajustable-para-microfono-fantech-ac902s.html
Base para Notebook Fantech NC21 C/Cooler USB A-C RGB Negro,45988,https://www.venex.com.ar/products_images/thumb/1786718810_base_para_notebook_fantech_nc21_c_1png,perifericos/placas-de-sonido,https://www.venex.com.ar/soportes/base-para-notebook-fantech-nc14-c-cooler-usb-a-rgb-1.html
Soporte Redragon Celestial Para Auriculares y Joystick 18Cm,45988,https://www.venex.com.ar/products_images/thumb/1753707137_1.jpg,perifericos/placas-de-sonido,https://www.venex.com.ar/soportes/soporte-redragon-celestial-para-auriculares-y-joystick-18cm.html
Soporte Redragon Comet Para Table Celular Ajustable Metalico,45988,https://www.venex.com.ar/products_images/thumb/1753712654_1.jpg,perifericos/placas-de-sonido,https://www.venex.com.ar/soportes/soporte-redragon-comet-para-table-celular-ajustable-metalico.html
Camara IP Cloud Tp-Link TAPO C210,49449,https://www.venex.com.ar/products_images/thumb/1713885803_cam1.jpg,perifericos/placas-de-sonido,https://www.venex.com.ar/camaras-ip/camara-ip-cloud-tp-link-tapo-c210.html
Camara IP Ezviz H6C 4MM 360 2MP Interior,55199,https://www.venex.com.ar/products_images/thumb/1749752715_1.jpg,perifericos/placas-de-sonido,https://www.venex.com.ar/camaras-ip/camara-ip-ezviz-h6c-4mm-360-2mp-interior.html
Reloj Smartwatch Xiaomi MI Smart Band 9 Active Black,51738,https://www.venex.com.ar/products_images/thumb/1773932261_reloj_smartwatch_xiaomi_mi_smart_band_9_active_blackpng,perifericos/placas-de-sonido,https://www.venex.com.ar/relojes-smartwatch/reloj-smartwatch-xiaomi-mi-smart-band-9-active-black.html
Base para Notebook Fantech NC22 C/Cooler x1 USB-A Black RGB,57488,https://www.venex.com.ar/products_images/thumb/1787921209_base_para_notebook_fantech_nc22_ccooler_x1_usb-a_black_rgb_4png,perifericos/placas-de-sonido,https://www.venex.com.ar/soportes/base-para-notebook-fantech-nc22-c-cooler-x1-usb-a-black-rgb.html
Soporte Redragon Zenith Para Monitor Con Cargador Inalambrico,60938,https://www.venex.com.ar/products_images/thumb/1753710688_3.jpg,perifericos/placas-de-sonido,https://www.venex.com.ar/soportes/soporte-redragon-zenith-para-monitor-con-cargador-inalambrico.html
Camara IP Cloud TP-Link Tapo C220 2K QHD,63824,https://www.venex.com.ar/products_images/thumb/1748435272_1.jpg,perifericos/placas-de-sonido,https://www.venex.com.ar/camaras-ip/camara-ip-cloud-tp-link-tapo-c220-2k-qhd.html
Pendrive 64GB Kingston 3.2 DTX Exodia Azul,21849,https://www.venex.com.ar/products_images/thumb/1736262710_61wlh5fo5dl._ac_sl1000_.jpg,almacenamiento-portatil/pendrives,https://www.venex.com.ar/almacenamiento-portatil/pendrives/pendrive-64gb-kingston-3-2-dtx-exodia-azul.html
Pendrive 64Gb Kingston 3.2 Dtx Exodia M Verde,21849,https://www.venex.com.ar/products_images/thumb/1773864399_1png,almacenamiento-portatil/pendrives,https://www.venex.com.ar/almacenamiento-portatil/pendrives/pendrive-64gb-kingston-3-2-dtx-exodia-verde.html
Pendrive 64Gb Kingstone 3.2 DTX Exodia M Azul,21849,https://www.venex.com.ar/products_images/thumb/1727104404_1.jpg,almacenamiento-portatil/pendrives,https://www.venex.com.ar/almacenamiento-portatil/pendrives/pendrive-64gb-kingstone-3-2-dtx-exodia-m-azul.html
Pendrive 64Gb Kingston DT70 Usb Tipo C,24149,https://www.venex.com.ar/products_images/thumb/1649268200_622.jpg,almacenamiento-portatil/pendrives,https://www.venex.com.ar/almacenamiento-portatil/pendrives/pendrive-64gb-kingston-dt70-usb-tipo-c.html
Pendrive 128Gb Kingston Dtx Exodia M Verde Usb 3.2,34499,https://www.venex.com.ar/products_images/thumb/1776691134_pendrive_128gb_kingston_dtx_exodia_m_verde_usb_32png,almacenamiento-portatil/pendrives,https://www.venex.com.ar/almacenamiento-portatil/pendrives/pendrive-128gb-kingston-dtx-exodia-m-verde-usb-3-2.html
Pendrive 128Gb Kingston USB 3.2 DTX Exodia,34499,https://www.venex.com.ar/products_images/thumb/1649269493_128.jpg,almacenamiento-portatil/pendrives,https://www.venex.com.ar/almacenamiento-portatil/pendrives/pendrive-128gb-kingston-usb-32-dtx-exodia.html
Pendrive Kingston Duo G2 128GB USB-A + USB-C,40249,https://www.venex.com.ar/products_images/thumb/1789568341_pendrive_kingston_duo_g2_128gb_usb-a___usb-c_1png,almacenamiento-portatil/pendrives,https://www.venex.com.ar/almacenamiento-portatil/pendrives/pendrive-kingston-duo-g2-128gb-usb-a-usb-c.html
Pendrive 64Gb Kingston Kyson 3.2 Metalico,44274,https://www.venex.com.ar/products_images/thumb/1614190910_ktc-product-usb-dtkn-64gb-1-zm-lg.jpg,almacenamiento-portatil/pendrives,https://www.venex.com.ar/almacenamiento-portatil/pendrives/pendrive-64gb-kingston-kyson-32-metalico.html
Pendrive 128Gb Kingston Kyson 3.2 Metalico,68999,https://www.venex.com.ar/products_images/thumb/1618518819_ktc-product-usb-dtkn-128gb-1-zm-lg.jpg,almacenamiento-portatil/pendrives,https://www.venex.com.ar/almacenamiento-portatil/pendrives/pendrive-128gb-kingston-kyson-32-metalico.html
Pendrive 256Gb Kingston USB 3.2 DTX,77509,https://www.venex.com.ar/products_images/thumb/1722020609_dtx-1.jpg,almacenamiento-portatil/pendrives,https://www.venex.com.ar/almacenamiento-portatil/pendrives/pendrive-256gb-kingston-usb-3-2-dtx.html
Pendrive 256Gb Kingston USB 3.2 Exodia M DTX,77509,https://www.venex.com.ar/products_images/thumb/1776690673_pendrive_256gb_kingston_usb_32_exodia_m_dtxjpg,almacenamiento-portatil/pendrives,https://www.venex.com.ar/almacenamiento-portatil/pendrives/pendrive-256gb-kinstong-usb-3-2-exodia-m-dtx.html
Memoria Micro SD 64Gb Kingston Canvas Select Plus G3 C10 C/Adap...,32199,https://www.venex.com.ar/products_images/thumb/1759147584_1.jpg,almacenamiento-portatil/microsd,https://www.venex.com.ar/almacenamiento-portatil/microsd/memoria-micro-sd-64gb-kingston-canvas-select-plus-g3-c10-c-adap.html
Memoria Micro SD 128Gb Kingston Canvas Select Plus G3 C10...,47149,https://www.venex.com.ar/products_images/thumb/1759238770_1759145782_3.jpg,almacenamiento-portatil/microsd,https://www.venex.com.ar/almacenamiento-portatil/microsd/memoria-micro-sd-128gb-kingston-canvas-select-plus-g3-c10-c-adap.html
Memoria Micro SD 64Gb Kingston Canvas GO Plus Gen4 200MB/S,57499,https://www.venex.com.ar/products_images/thumb/1759238700_1.jpg,almacenamiento-portatil/microsd,https://www.venex.com.ar/almacenamiento-portatil/microsd/memoria-micro-sd-64gb-kinston-canvas-go-plus-gen4.html
Memoria Micro SD Kingston 128Gb Canvas Go Plus C/Adaptador...,83144,https://www.venex.com.ar/products_images/thumb/1768584893_memoria_micro_sd_kingston_128gb_canvas_go_plus-3.jpg,almacenamiento-portatil/microsd,https://www.venex.com.ar/almacenamiento-portatil/microsd/memoria-micro-sd-kingston-128gb-canvas-go-plus-c-adaptador-200mb-s.html
Disco Duro Externo 1Tb Seagate Portable Drive,196649,https://www.venex.com.ar/products_images/thumb/1785257898_disco_duro_externo_1tb_seagate_portable_drive_1png,almacenamiento-portatil/discos-externos,https://www.venex.com.ar/almacenamiento-portatil/discos-externos/disco-duro-externo-1tb-seagate-expansion-p-pc-y-mac.html
Disco Duro Externo Seagate 2TB USB 3.0 Portable Drive,252999,https://www.venex.com.ar/products_images/thumb/1785258558_disco_duro_externo_1tb_seagate_portable_drive_1png,almacenamiento-portatil/discos-externos,https://www.venex.com.ar/almacenamiento-portatil/discos-externos/disco-duro-hd-2tb-seagate-usb-30-expansion.html
SSD Externo Kingston XS2000 2TB USB-C 2000MB/s,632488,https://www.venex.com.ar/products_images/thumb/1755179169_2.jpg,almacenamiento-portatil/discos-externos,https://www.venex.com.ar/almacenamiento-portatil/discos-externos/disco-solido-ssd-externo-usb-2tb-kingston-xs2000-tipo-c.html
Impresora Laser Monocromatica HP M111A LJ 21PPM 7MD67A,183999,https://www.venex.com.ar/products_images/thumb/1727794317_1.jpg,impresion/impresoras-laser,https://www.venex.com.ar/impresion-y-scanners/impresoras-laser/impresora-laser-monocromatica-hp-m111a-lj-21ppm-7md67a.html
Impresora Laser Monocromatica Brother Hl-1200 21ppm,228849,https://www.venex.com.ar/products_images/thumb/1779461799_1jpg,impresion/impresoras-laser,https://www.venex.com.ar/impresion-y-scanners/impresoras-laser/impresora-laser-monocromatica-brother-hl-1200-21ppm.html
Impresora Laser Monocromatica HP M111W LJ 21PPM 7MD68A,235749,https://www.venex.com.ar/products_images/thumb/1728478013_2.jpg,impresion/impresoras-laser,https://www.venex.com.ar/impresion-y-scanners/impresoras-laser/impresora-laser-monocromatica-hpm111w-lj-21ppm-7md68a.html
Impresora Laser Brother Hl-l1222,264499,https://www.venex.com.ar/products_images/thumb/1779215426_impresora_laser_brother_hl-l1222jpg,impresion/impresoras-laser,https://www.venex.com.ar/impresion-y-scanners/impresoras-laser/impresora-laser-brother-hl-l1222.html
Impresora Laser Brother Hl-1212w 21ppm 2400 X 600 Dpi Wifi,275999,https://www.venex.com.ar/products_images/thumb/1464960237_1212brother.jpg,impresion/impresoras-laser,https://www.venex.com.ar/impresion-y-scanners/impresoras-laser/impresora-laser-brother-hl-1212w-21ppm-2400-x-600-dpi-wifi.html
Impresora Multifuncional HP M141W LJ 21PPM 7MD74A,321999,https://www.venex.com.ar/products_images/thumb/1752150549_1.jpg,impresion/impresoras-laser,https://www.venex.com.ar/impresion-y-scanners/impresoras-laser/impresora-multifuncional-hp-m141w-lj-21ppm-7md74a.html
Impresora Laser Brother Hl-l1232W,316249,https://www.venex.com.ar/products_images/thumb/1779217896_impresora_laser_brother_hl-l1232wjpg,impresion/impresoras-laser,https://www.venex.com.ar/impresion-y-scanners/impresoras-laser/impresora-laser-brother-hl-l1232w.html
Impresora Multifuncion Laser HP M137FNW 21P/m 4ZB84A,413999,https://www.venex.com.ar/products_images/thumb/1570030878_impresoramultifuncionhpm137fnwlaserwifiescanerfotocopiadoraenvioatodoelpaisd_nq_np_640000mla31884398948_082019f.jpg,impresion/impresoras-laser,https://www.venex.com.ar/impresion-y-scanners/impresoras-laser/impresora-multifuncion-laser-m137fnw-21p-m-4zb84a.html
Multifunción Brother Dcp-1617nw,528999,https://www.venex.com.ar/products_images/thumb/1500668428_81symntykfl._sl1500_.jpg,impresion/impresoras-laser,https://www.venex.com.ar/impresion-y-scanners/impresoras-laser/multifuncion-brother-dcp-1617nw.html
Impresora Laser HP Laserjet PRO 4003DW 42 PPM Eprint 2Z610A,586499,https://www.venex.com.ar/products_images/thumb/1709823813_laser-2.jpg,impresion/impresoras-laser,https://www.venex.com.ar/impresion-y-scanners/impresoras-laser/impresora-laser-hp-laserjet-pro-4003dw-42-ppm-eprint-2z610a.html
Impresora Multifuncion Laser Brother DCP-L2540DW Wifi Duplex,793499,https://www.venex.com.ar/products_images/thumb/1558122976_impresoramultifuncionlaserbrotherdcpl2540dwduplexwifid_nq_np_954403mla27758083457_072018f.jpg,impresion/impresoras-laser,https://www.venex.com.ar/impresion-y-scanners/impresoras-laser/impresora-multifuncion-laser-brother-dcp-l2540dw-wifi-duplex.html
Impresora Multifuncion HP 4103FDW,928049,https://www.venex.com.ar/products_images/thumb/1751373306_1.jpg,impresion/impresoras-laser,https://www.venex.com.ar/impresion-y-scanners/impresoras-laser/impresora-multifuncion-hp-4103fdw.html
Soporte Base Notebook Genius G-Stand M250 Grey de Aluminio,21849,https://www.venex.com.ar/products_images/thumb/1751285560_1.jpg,impresion/inyeccion-de-tinta,https://www.venex.com.ar/soportes/soporte-base-notebook-genius-g-stand-m250-grey-de-aluminio.html
Base para Notebook Fantech NC14 C/Cooler USB A RGB Negro,34488,https://www.venex.com.ar/products_images/thumb/1786718453_base_para_notebook_fantech_nc14_ccooler_usb_a_rgb_negropng,impresion/inyeccion-de-tinta,https://www.venex.com.ar/soportes/base-para-notebook-fantech-nc14-c-cooler-usb-a-rgb.html
Soporte Ajustable para Microfono Fantech AC902S,37938,https://www.venex.com.ar/products_images/thumb/1786544613_soporte_ajustable_para_microfono_fantech_ac902s_1png,impresion/inyeccion-de-tinta,https://www.venex.com.ar/soportes/soporte-ajustable-para-microfono-fantech-ac902s.html
Base para Notebook Fantech NC21 C/Cooler USB A-C RGB Negro,45988,https://www.venex.com.ar/products_images/thumb/1786718810_base_para_notebook_fantech_nc21_c_1png,impresion/inyeccion-de-tinta,https://www.venex.com.ar/soportes/base-para-notebook-fantech-nc14-c-cooler-usb-a-rgb-1.html
Soporte Redragon Celestial Para Auriculares y Joystick 18Cm,45988,https://www.venex.com.ar/products_images/thumb/1753707137_1.jpg,impresion/inyeccion-de-tinta,https://www.venex.com.ar/soportes/soporte-redragon-celestial-para-auriculares-y-joystick-18cm.html
Soporte Redragon Comet Para Table Celular Ajustable Metalico,45988,https://www.venex.com.ar/products_images/thumb/1753712654_1.jpg,impresion/inyeccion-de-tinta,https://www.venex.com.ar/soportes/soporte-redragon-comet-para-table-celular-ajustable-metalico.html
Camara IP Cloud Tp-Link TAPO C210,49449,https://www.venex.com.ar/products_images/thumb/1713885803_cam1.jpg,impresion/inyeccion-de-tinta,https://www.venex.com.ar/camaras-ip/camara-ip-cloud-tp-link-tapo-c210.html
Camara IP Ezviz H6C 4MM 360 2MP Interior,55199,https://www.venex.com.ar/products_images/thumb/1749752715_1.jpg,impresion/inyeccion-de-tinta,https://www.venex.com.ar/camaras-ip/camara-ip-ezviz-h6c-4mm-360-2mp-interior.html
Reloj Smartwatch Xiaomi MI Smart Band 9 Active Black,51738,https://www.venex.com.ar/products_images/thumb/1773932261_reloj_smartwatch_xiaomi_mi_smart_band_9_active_blackpng,impresion/inyeccion-de-tinta,https://www.venex.com.ar/relojes-smartwatch/reloj-smartwatch-xiaomi-mi-smart-band-9-active-black.html
Base para Notebook Fantech NC22 C/Cooler x1 USB-A Black RGB,57488,https://www.venex.com.ar/products_images/thumb/1787921209_base_para_notebook_fantech_nc22_ccooler_x1_usb-a_black_rgb_4png,impresion/inyeccion-de-tinta,https://www.venex.com.ar/soportes/base-para-notebook-fantech-nc22-c-cooler-x1-usb-a-black-rgb.html
Soporte Redragon Zenith Para Monitor Con Cargador Inalambrico,60938,https://www.venex.com.ar/products_images/thumb/1753710688_3.jpg,impresion/inyeccion-de-tinta,https://www.venex.com.ar/soportes/soporte-redragon-zenith-para-monitor-con-cargador-inalambrico.html
Camara IP Cloud TP-Link Tapo C220 2K QHD,63824,https://www.venex.com.ar/products_images/thumb/1748435272_1.jpg,impresion/inyeccion-de-tinta,https://www.venex.com.ar/camaras-ip/camara-ip-cloud-tp-link-tapo-c220-2k-qhd.html
Soporte Base Notebook Genius G-Stand M250 Grey de Aluminio,21849,https://www.venex.com.ar/products_images/thumb/1751285560_1.jpg,impresion/termicas,https://www.venex.com.ar/soportes/soporte-base-notebook-genius-g-stand-m250-grey-de-aluminio.html
Base para Notebook Fantech NC14 C/Cooler USB A RGB Negro,34488,https://www.venex.com.ar/products_images/thumb/1786718453_base_para_notebook_fantech_nc14_ccooler_usb_a_rgb_negropng,impresion/termicas,https://www.venex.com.ar/soportes/base-para-notebook-fantech-nc14-c-cooler-usb-a-rgb.html
Soporte Ajustable para Microfono Fantech AC902S,37938,https://www.venex.com.ar/products_images/thumb/1786544613_soporte_ajustable_para_microfono_fantech_ac902s_1png,impresion/termicas,https://www.venex.com.ar/soportes/soporte-ajustable-para-microfono-fantech-ac902s.html
Base para Notebook Fantech NC21 C/Cooler USB A-C RGB Negro,45988,https://www.venex.com.ar/products_images/thumb/1786718810_base_para_notebook_fantech_nc21_c_1png,impresion/termicas,https://www.venex.com.ar/soportes/base-para-notebook-fantech-nc14-c-cooler-usb-a-rgb-1.html
Soporte Redragon Celestial Para Auriculares y Joystick 18Cm,45988,https://www.venex.com.ar/products_images/thumb/1753707137_1.jpg,impresion/termicas,https://www.venex.com.ar/soportes/soporte-redragon-celestial-para-auriculares-y-joystick-18cm.html
Soporte Redragon Comet Para Table Celular Ajustable Metalico,45988,https://www.venex.com.ar/products_images/thumb/1753712654_1.jpg,impresion/termicas,https://www.venex.com.ar/soportes/soporte-redragon-comet-para-table-celular-ajustable-metalico.html
Camara IP Cloud Tp-Link TAPO C210,49449,https://www.venex.com.ar/products_images/thumb/1713885803_cam1.jpg,impresion/termicas,https://www.venex.com.ar/camaras-ip/camara-ip-cloud-tp-link-tapo-c210.html
Camara IP Ezviz H6C 4MM 360 2MP Interior,55199,https://www.venex.com.ar/products_images/thumb/1749752715_1.jpg,impresion/termicas,https://www.venex.com.ar/camaras-ip/camara-ip-ezviz-h6c-4mm-360-2mp-interior.html
Reloj Smartwatch Xiaomi MI Smart Band 9 Active Black,51738,https://www.venex.com.ar/products_images/thumb/1773932261_reloj_smartwatch_xiaomi_mi_smart_band_9_active_blackpng,impresion/termicas,https://www.venex.com.ar/relojes-smartwatch/reloj-smartwatch-xiaomi-mi-smart-band-9-active-black.html
Base para Notebook Fantech NC22 C/Cooler x1 USB-A Black RGB,57488,https://www.venex.com.ar/products_images/thumb/1787921209_base_para_notebook_fantech_nc22_ccooler_x1_usb-a_black_rgb_4png,impresion/termicas,https://www.venex.com.ar/soportes/base-para-notebook-fantech-nc22-c-cooler-x1-usb-a-black-rgb.html
Soporte Redragon Zenith Para Monitor Con Cargador Inalambrico,60938,https://www.venex.com.ar/products_images/thumb/1753710688_3.jpg,impresion/termicas,https://www.venex.com.ar/soportes/soporte-redragon-zenith-para-monitor-con-cargador-inalambrico.html
Camara IP Cloud TP-Link Tapo C220 2K QHD,63824,https://www.venex.com.ar/products_images/thumb/1748435272_1.jpg,impresion/termicas,https://www.venex.com.ar/camaras-ip/camara-ip-cloud-tp-link-tapo-c220-2k-qhd.html
Resina Hellbot Modelo Miniatura 250ML Natural,14949,https://www.venex.com.ar/products_images/thumb/1629385757_d5s61gf46sdf.jpg,impresion/impresion-3d,https://www.venex.com.ar/impresion-y-scanners/impresion-3d/consumibles/resina-hellbot-modelo-miniatura-250ml.html
Resina Hellbot Modelo Miniatura 250ML Natural,14949,https://www.venex.com.ar/products_images/thumb/1629385757_d5s61gf46sdf.jpg,impresion/consumibles,https://www.venex.com.ar/impresion-y-scanners/impresion-3d/consumibles/resina-hellbot-modelo-miniatura-250ml.html
Protector Descarga Atmosferica TP-LINK TL-ANT24SP,1149,https://www.venex.com.ar/products_images/thumb/1525902088_io.jpg,redes/routers,https://www.venex.com.ar/conectividad-y-redes/routers/protector-inteligente-trv-smart-20.html
Router Tp Link TL WR840n 300Mbps Wireless 2 Ant,31624,https://www.venex.com.ar/products_images/thumb/1689083791_840-3.jpg,redes/routers,https://www.venex.com.ar/conectividad-y-redes/routers/router-tp-link-tl-wr840n-300mbps-wireless-2-ant.html
Router Repetidor Asus N300 2 Antenas RT-N300,34499,https://www.venex.com.ar/products_images/thumb/1625688272_6df1sdf.jpg,redes/routers,https://www.venex.com.ar/conectividad-y-redes/routers/router-asus-n300-2-antenas.html
Router Pci-E Tp-Link Archer C24 AC750 4 Antenas Dual Band,44849,https://www.venex.com.ar/products_images/thumb/1645725865_holahola.jpg,redes/routers,https://www.venex.com.ar/conectividad-y-redes/routers/placa-red-pci-e-tp-link-archer-c24-ac750-4-antenas-dual-band.html
Router Tp-Link Archer C20 Ac750 Wir Dual Band,49449,https://www.venex.com.ar/products_images/thumb/1585750678_1515851119_router_tplink_archer_c20_ac750_dualband_venex_1.jpg,redes/routers,https://www.venex.com.ar/conectividad-y-redes/routers/router-tp-link-archer-c20i--ac750-wir-dual-band.html
Router Tp-Link Archer C50 Ac1200 Dual Band,52899,https://www.venex.com.ar/products_images/thumb/1702305774_1638215392_archer-c54un1001large_15934027875811.jpg,redes/routers,https://www.venex.com.ar/conectividad-y-redes/routers/router-tp-link-archer-c50-ac1200-wir-dual-band.html
Router TP-LINK Archer AX53HP AX3000 High Power Gigabit Wifi6,112699,https://www.venex.com.ar/products_images/thumb/1783950972_router_tp-link_archer_ax53hp_ax3000_high_power_gigabit_wifi6_1png,redes/routers,https://www.venex.com.ar/conectividad-y-redes/routers/router-tp-link-archer-ax53hp-ax3000-high-power-gigabit-wifi6.html
Router TP-Link Archer AX55 Pro AX3000 Wifi 6,190899,https://www.venex.com.ar/products_images/thumb/1747916062_2.jpg,redes/routers,https://www.venex.com.ar/conectividad-y-redes/routers/router-tp-link-archer-ax55-pro-ax300-wifi-6.html
Switch Tp-Link Tl-Sf1005d 5 Puertos 10/100mbps,14938,https://www.venex.com.ar/products_images/thumb/1781182470_diseno_sin_titulo_-_2026-06-11t093913374png,redes/switchs,https://www.venex.com.ar/conectividad-y-redes/switchs/switch-tp-link-tl-sf1005d-5-puertos-10-100mbps.html
Switch Tp-Link TL-SF1008D 8 Puertos 10/100mbps,17019,https://www.venex.com.ar/products_images/thumb/1585575763_1472308158_switch_tplink_sf1008d_venex_1.jpg,redes/switchs,https://www.venex.com.ar/conectividad-y-redes/switchs/switch-tp-link-tl-sf1008d-8-puertos-10-100mbps---$142.html
Switch 5p Tp-Link TL-SG1005D Gigabit 10/100/1000,26449,https://www.venex.com.ar/products_images/thumb/1585577537_1472306299_switch_5puertos_tplink_sg1005d_gigabit_venex_1.jpg,redes/switchs,https://www.venex.com.ar/conectividad-y-redes/switchs/switch-5p-tp-link-sg1005d-gigabit-10-100-1000.html
Switch Tp-Link Tl-SG1008D 8 Puertos 10/100/1000mbps Giga,41399,https://www.venex.com.ar/products_images/thumb/1585749765_1570635919_switch_tplink_tlsg1008d_8puertos_giga_venex_1.jpg,redes/switchs,https://www.venex.com.ar/conectividad-y-redes/switchs/switch-tp-link-tl-sg1008gd-8-puertos-10-100-1000mbps-giga.html
Switch Tp-Link TL-SF1016D 16 Puertos 10/100mbps,43929,https://www.venex.com.ar/products_images/thumb/1585749393_1472309129_switch_tplink_tlsf1016d_16puertos_venex_1.jpg,redes/switchs,https://www.venex.com.ar/conectividad-y-redes/switchs/switch-tp-link-tl-sf1016d-16-puertos-10-100mbps.html
Switch Tp-Link TL-SG1005P Gigabit 4P POE,73024,https://www.venex.com.ar/products_images/thumb/1784748618_switch_tp-link_tl-sg1005p_gigabit_4p_poepng,redes/switchs,https://www.venex.com.ar/conectividad-y-redes/switchs/switch-tp-link-sg1005p-gigabit-4p-poe.html
Switch Tp-Link TL-SG1024 24p 10/100/1000 Giga Rack,193199,https://www.venex.com.ar/products_images/thumb/1787945796_switch_tp-link_tl-sg1024_24p_101001000_giga_rackjpg,redes/switchs,https://www.venex.com.ar/conectividad-y-redes/switchs/switch-tp-link-tl-sg1024-24p-10-100-1000-giga-rack.html
Extensor de Rango Tp-Link Ac750 Re200 Dual Band 750mbps,41399,https://www.venex.com.ar/products_images/thumb/1689081767_1585747820_1510950896_extensor_accespoint_tplink_ac750_re200_dualband_750mbps_venex_3.jpg,redes/access-point,https://www.venex.com.ar/conectividad-y-redes/access-point/access-point-tp-link-ac750-re200-dual-band-750mbps.html
Fuente Ubiquiti U-PoE-AF,70954,https://www.venex.com.ar/products_images/thumb/1719244718_3.jpg,redes/access-point,https://www.venex.com.ar/conectividad-y-redes/access-point/fuente-ubiquiti-poe-15w.html
Extensor de Rango To-Link Re505x Wifi6 Ax1500,85099,https://www.venex.com.ar/products_images/thumb/1779816846_extensor_de_rango_tp-link_re505xpng,redes/access-point,https://www.venex.com.ar/conectividad-y-redes/access-point/extensor-de-rango-to-link-re505x-wifi6-ax1500.html
Acces Point TP- Link Deco E4 Pack de 2 Mesh AC1200 Wifi System,118449,https://www.venex.com.ar/products_images/thumb/1617740657_3425345345.jpg,redes/access-point,https://www.venex.com.ar/conectividad-y-redes/access-point/acces-point-tp--link-deco-e4-pack-de-2-mesh-ac1200-wifi-system.html
Access Point Ubiquiti PBE-M2-400 Power Beam 400Mw,137988,https://www.venex.com.ar/products_images/thumb/1615408259_1433409613_1098880.jpg,redes/access-point,https://www.venex.com.ar/conectividad-y-redes/access-point/access-point-ubiquiti-pbe-m2-400-power-beam-400mw.html
Access Point TP-Link Deco S7 Pack x2 Mesh AC1900 Wifi System,171349,https://www.venex.com.ar/products_images/thumb/1711550843_pack-2.jpg,redes/access-point,https://www.venex.com.ar/conectividad-y-redes/access-point/access-point-tp-link-deco-s7-pack-x2-mesh-ac1900-wifi-system.html
Controladora Tp-Link OC300 Omada EAP Cloud Controller,344988,https://www.venex.com.ar/products_images/thumb/1694458396_oc300-3.jpg,redes/access-point,https://www.venex.com.ar/conectividad-y-redes/access-point/controladora-tp-link-oc300-omada-eap-cloud-controller.html
Access Point Tp-Link Deco X50 Pack 2Mesh AX3000 Wifi Giga,313949,https://www.venex.com.ar/products_images/thumb/1654791823_access-point-mesh-indoor-tp-link-deco-x50-2-pack-gigabit-wifi_42882_1.jpeg,redes/access-point,https://www.venex.com.ar/conectividad-y-redes/access-point/access-point-tp-link-deco-x50-pack-2mesh-ax300-wifi-giga.html
Silla Gamer Solarmax SXGC-6001 Black,193188,https://www.venex.com.ar/products_images/thumb/1784822342_silla_gamer_solarmax_sxgc-6001_black_1png,sillas-gamers,https://www.venex.com.ar/sillas-gamers/sillas-gamer/silla-gamer-solarmax-sxgc-6001-black.html
Mesa de TV Redragon Tipo Rack Tectonic RGB Carbono con Soporte,304738,https://www.venex.com.ar/products_images/thumb/1753454917_1.jpg,sillas-gamers,https://www.venex.com.ar/sillas-gamers/sillas-gamer/mesa-de-tv-redragon-tipo-rack-tectonic-rgb-carbono.html
Silla Gamer Raptor Throne R1 Tela Gris,310488,https://www.venex.com.ar/products_images/thumb/1752845084_1.jpg,sillas-gamers,https://www.venex.com.ar/sillas-gamers/sillas-gamer/silla-gamer-raptor-throne-r1-tela-gris.html
Silla Gamer Raptor Throne R1 Tela Negra,310488,https://www.venex.com.ar/products_images/thumb/1752845280_1.jpg,sillas-gamers,https://www.venex.com.ar/sillas-gamers/sillas-gamer/silla-gamer-raptor-throne-r1-tela-negra.html
Silla Gamer Raptor Throne R20 Tela Gris,390988,https://www.venex.com.ar/products_images/thumb/1752844008_1.jpg,sillas-gamers,https://www.venex.com.ar/sillas-gamers/sillas-gamer/silla-gamer-raptor-throne-r20-tela-gris.html
Silla Gamer Lamborghini Veneno Noctis,402488,https://www.venex.com.ar/products_images/thumb/1783968141_silla_gamer_lamborghini_veneno_noctis_1png,sillas-gamers,https://www.venex.com.ar/sillas-gamers/sillas-gamer/silla-gamer-lamborghini-veneno-noctis.html
Silla Gamer Fantech Ledare Tank Midnight Black,459988,https://www.venex.com.ar/products_images/thumb/1770913251_silla_gc192_blackpng,sillas-gamers,https://www.venex.com.ar/sillas-gamers/sillas-gamer/silla-gamer-fantech-ledare-tank-midnight-black.html
Silla Gamer Fantech Ledare Tank Primastitch Grey Tela,459988,https://www.venex.com.ar/products_images/thumb/1770914365_silla_gc192_greypng,sillas-gamers,https://www.venex.com.ar/sillas-gamers/sillas-gamer/silla-gamer-fantech-ledare-tank-primastitch-grey.html
Silla Gamer Corsair TC100 Relaxed Cuero Negra,574988,https://www.venex.com.ar/products_images/thumb/1685725949_tc100-1.jpg,sillas-gamers,https://www.venex.com.ar/sillas-gamers/sillas-gamer/silla-gamer-corsair-tc100-relaxed-cuero-negra.html
Silla Gamer Corsair TC100 Relaxed Fabric Negra,574988,https://www.venex.com.ar/products_images/thumb/1685460510_corsair-4.jpg,sillas-gamers,https://www.venex.com.ar/sillas-gamers/sillas-gamer/silla-gamer-corsair-tc100-relaxed-fabric-negra.html
Silla Gamer Corsair T3 RUSH Charcoal / Grey V2 2023,689988,https://www.venex.com.ar/products_images/thumb/1750948310_4.jpg,sillas-gamers,https://www.venex.com.ar/sillas-gamers/sillas-gamer/silla-gamer-corsair-t3-rush-gris---gris.html
Silla Gamer Corsair T3 RUSH Grey / White V2 2023,689988,https://www.venex.com.ar/products_images/thumb/1750947932_1.jpg,sillas-gamers,https://www.venex.com.ar/sillas-gamers/sillas-gamer/silla-gamer-corsair-t3-black--white.html
Windows 11 Prof 64B OEM Sistema Nuevo Fisico,379488,https://www.venex.com.ar/products_images/thumb/1678197190_w11.jpg,software,https://www.venex.com.ar/software/windows-11-prof-64b-oem-sistema-nuevo-fisico.html
Notebook HP 245 G10 Ryzen 5...,1345488,https://www.venex.com.ar/products_images/thumb/1781108403_notebook-hp-245-g10-ryzen-5jpg,televisores,https://www.venex.com.ar/notebooks/notebook-hp-245-g10-ryzen-5-7530u-8gb-ssd512gb-14-free.html
Notebook HP 250R G10 Core 5...,1437488,https://www.venex.com.ar/products_images/thumb/1785861168_notebook_hp_250r_g10_core_5_120u_16gb_512gb_156jpg,televisores,https://www.venex.com.ar/notebooks/notebook-hp-250-g10-core-5-120u-16gb-512gb-15-6.html
Notebook HP 255 G10 Ryzen 5...,1460488,https://www.venex.com.ar/products_images/thumb/1784897042_notebook_hp_255_g10_ryzen_5_7535u_16gb_512gb_156_3jpg,televisores,https://www.venex.com.ar/notebooks/notebook-hp-255-g10-ryzen-5-7535u-16gb-512gb-15-6.html
PC AMD Slim Ryzen 5 5600GT...,885488,https://www.venex.com.ar/products_images/thumb/1771426261_pcjpg,televisores,https://www.venex.com.ar/pc-de-escritorio/hogar-y-oficina/pc-amd-slim-ryzen-5-5600gt-16gb-ssd-480gb.html
PC Intel Core i3 12100 16GB...,1057988,https://www.venex.com.ar/products_images/thumb/1748432811_5.jpg,televisores,https://www.venex.com.ar/pc-de-escritorio/hogar-y-oficina/pc-intel-i3-12100-8gb-ssd-240gb-monitor-22.html
PC Gamer Powered by MSI...,1542206,https://www.venex.com.ar/products_images/thumb/1782392157_pc_gamer_powered_by_msi_advanced_amd_ryzen_5_8600g_16gb_512gb_nvme_b840_watercooler_750wjpg,televisores,https://www.venex.com.ar/pc-de-escritorio/powered-by-msi/pc-amd-power-by-msi-advanced-ryzen-5-8600g-16gb-512gb-nvme-b840-750w-watercooler.html
PC Gamer Powered by MSI...,2742208,https://www.venex.com.ar/products_images/thumb/1789154329_diseno_sin_titulo_-_2026-09-11t161839765png,televisores,https://www.venex.com.ar/pc-de-escritorio/powered-by-msi/pc-ams-power-by-msi-advanced-pro-ryzen-5-9600x-16gb-1tb-nvme-b840-750w-geforce-5060.html
Memoria RAM Notebook SODIMM...,143738,https://www.venex.com.ar/products_images/thumb/1788203373_memoria_ram_notebook_sodimm_kimota_ddr4_8gb_3200mhzpng,televisores,https://www.venex.com.ar/memorias-ram/notebook/memoria-ram-notebook-sodimm-kimota-ddr4-8gb-3200mhz.html
Memoria RAM Notebook SODIMM...,275988,https://www.venex.com.ar/products_images/thumb/1783083642_memoria_ram_notebook_sodimm_hiksemi_single_tray_ddr4_16gb_3200mhzpng,televisores,https://www.venex.com.ar/memorias-ram/notebook/memoria-ram-notebook-sodimm-ddr4-16gb-3200mhz-hiksemi-single-tray.html
Disco Solido SSD Copious 1TB...,275988,https://www.venex.com.ar/products_images/thumb/1785350296_disco_solido_ssd_copious_1tb_m2_nvme_pcie_30_3500mbsjpg,televisores,https://www.venex.com.ar/componentes-de-pc/discos-solidos-ssd/disco-solido-ssd-copious-1tb-m-2-nvme-pcie-3-0-3500mb-s.html
Teclado Mecánico Fantech...,105788,https://www.venex.com.ar/products_images/thumb/1770645836_maxfitpng,televisores,https://www.venex.com.ar/perifericos/teclados/teclado-inalambrico-fantech-maxfit8-mk921-black-brown-switch-rgb.html
Joystick Redragon G831 Wargrip...,135699,https://www.venex.com.ar/products_images/thumb/1788967846_joystick_redragon_g831_wargrip_pcps5___base_de_carga_1png,televisores,https://www.venex.com.ar/perifericos/joysticks-volantes-y-simuladores/joystick-redragon-g831-wargrip-pc-ps5-base-de-carga.html
Monitor Gamer Gigabyte GS25F14...,218488,https://www.venex.com.ar/products_images/thumb/1788200130_monitor_gamer_gigabyte_gs25f14_25_fhd_ips_144hz_1png,televisores,https://www.venex.com.ar/monitores/19-a-26-pulgadas/monitor-gamer-gigabyte-gs25f14-25-fhd-ips-144hz.html
Camara IP Ezviz H9C Dual Lens...,137999,https://www.venex.com.ar/products_images/thumb/1787574017_camara_ip_ezviz_h9c_dual_lens_cam_2k_3emp_exterior_1png,televisores,https://www.venex.com.ar/camaras-ip/camara-ip-ezviz-h9c-dual-lens-cam-2k-3emp-exterior.html
Cerradura Inteligente Ezviz...,183999,https://www.venex.com.ar/products_images/thumb/1787575207_cerradura_inteligente_ezviz_dl03_con_huella_1png,televisores,https://www.venex.com.ar/camaras-ip/cerradura-inteligente-ezviz-dl03-con-huella.html
Scanner Epson Perfection V39II...,201249,https://www.venex.com.ar/products_images/thumb/1788461058_scanner_epson_perfection_v39ii_cama_plana_a4_usb_1png,televisores,https://www.venex.com.ar/impresion-y-scanners/scanner-epson-perfection-v39ii-cama-plana-a4-usb.html
Tablet 7 Deutech Astronaut Infantil 32GB 2GB Android 12 Blue,160988,https://www.venex.com.ar/products_images/thumb/1738329810_11.jpg,tablets,https://www.venex.com.ar/tablets/tablet-7-deutech-astronaut-infantil-32gb-2gb-android-12-blue.html
Tablet 7 Deutech Astronauta Infantil 32GB 2GB Android 12 Pink,160988,https://www.venex.com.ar/products_images/thumb/1738330002_111.jpg,tablets,https://www.venex.com.ar/tablets/tablet-7-deutech-astronaut-infantil-32gb-2gb-android-12-pink.html
Tablet Deutech Dinosaurio Infantil 32gb 2gb 7 Funda,160988,https://www.venex.com.ar/products_images/thumb/1766576350_tablet_7_deutech_dinosaurio-1.jpg,tablets,https://www.venex.com.ar/tablets/tablet-ni-os-deutech-dinosaurio-infantil-32gb-2gb-7-funda.html
Tablet Deutech Dinosaurio Infantil 32gb 2gb 7 Funda,160988,https://www.venex.com.ar/products_images/thumb/1766576600_tablet_dinosaurio_pink-1.jpg,tablets,https://www.venex.com.ar/tablets/tablet-ni-os-deutech-dinosaurio-infantil-32gb-2gb-7-funda-1.html
Tablet Deutech Infantil 64gb 4gb 10 Pulgadas Funda,218488,https://www.venex.com.ar/products_images/thumb/1766574689_arcoiris_g16-1.jpg,tablets,https://www.venex.com.ar/tablets/tablet-ni-os-deutech-infantil-64gb-4gb-10-pulgadas-funda.html
Tablet Deutech Infantil 64gb 4gb 10 Pulgadas Funda,218488,https://www.venex.com.ar/products_images/thumb/1766575514_astronauta_blue_64-1.jpg,tablets,https://www.venex.com.ar/tablets/tablet-ni-os-deutech-infantil-64gb-4gb-10-pulgadas-funda-1.html
"Tablet 10.1"" Lenovo Tab M10 TB311FU Helio G85 4Gb 128Gb Folio...",471488,https://www.venex.com.ar/products_images/thumb/1747833647_2.jpg,tablets,https://www.venex.com.ar/tablets/tablet-10-1-lenovo-tab-m10-tb311fu-helio-g85-4gb-128gb-folio-case.html
"Tablet Lenovo Idea Tab K11 TB336FU 128GB 8GB 11"" + Teclado +...",747488,https://www.venex.com.ar/products_images/thumb/1784917178_tablet_lenovo_idea_tab_k11_tb336fu_128gb_8gb_11png,tablets,https://www.venex.com.ar/tablets/tablet-lenovo-idea-tab-k11-tb336fu-128gb-8gb-11-teclado-tab-plus-lapiz-auri-tab.html
Notebook HP 245 G10 Ryzen 5...,1345488,https://www.venex.com.ar/products_images/thumb/1781108403_notebook-hp-245-g10-ryzen-5jpg,smartwatch,https://www.venex.com.ar/notebooks/notebook-hp-245-g10-ryzen-5-7530u-8gb-ssd512gb-14-free.html
Notebook HP 250R G10 Core 5...,1437488,https://www.venex.com.ar/products_images/thumb/1785861168_notebook_hp_250r_g10_core_5_120u_16gb_512gb_156jpg,smartwatch,https://www.venex.com.ar/notebooks/notebook-hp-250-g10-core-5-120u-16gb-512gb-15-6.html
Notebook HP 255 G10 Ryzen 5...,1460488,https://www.venex.com.ar/products_images/thumb/1784897042_notebook_hp_255_g10_ryzen_5_7535u_16gb_512gb_156_3jpg,smartwatch,https://www.venex.com.ar/notebooks/notebook-hp-255-g10-ryzen-5-7535u-16gb-512gb-15-6.html
PC AMD Slim Ryzen 5 5600GT...,885488,https://www.venex.com.ar/products_images/thumb/1771426261_pcjpg,smartwatch,https://www.venex.com.ar/pc-de-escritorio/hogar-y-oficina/pc-amd-slim-ryzen-5-5600gt-16gb-ssd-480gb.html
PC Intel Core i3 12100 16GB...,1057988,https://www.venex.com.ar/products_images/thumb/1748432811_5.jpg,smartwatch,https://www.venex.com.ar/pc-de-escritorio/hogar-y-oficina/pc-intel-i3-12100-8gb-ssd-240gb-monitor-22.html
PC Gamer Powered by MSI...,1542206,https://www.venex.com.ar/products_images/thumb/1782392157_pc_gamer_powered_by_msi_advanced_amd_ryzen_5_8600g_16gb_512gb_nvme_b840_watercooler_750wjpg,smartwatch,https://www.venex.com.ar/pc-de-escritorio/powered-by-msi/pc-amd-power-by-msi-advanced-ryzen-5-8600g-16gb-512gb-nvme-b840-750w-watercooler.html
Memoria RAM Notebook SODIMM...,143738,https://www.venex.com.ar/products_images/thumb/1788203373_memoria_ram_notebook_sodimm_kimota_ddr4_8gb_3200mhzpng,smartwatch,https://www.venex.com.ar/memorias-ram/notebook/memoria-ram-notebook-sodimm-kimota-ddr4-8gb-3200mhz.html
Memoria RAM Notebook SODIMM...,275988,https://www.venex.com.ar/products_images/thumb/1783083642_memoria_ram_notebook_sodimm_hiksemi_single_tray_ddr4_16gb_3200mhzpng,smartwatch,https://www.venex.com.ar/memorias-ram/notebook/memoria-ram-notebook-sodimm-ddr4-16gb-3200mhz-hiksemi-single-tray.html
Disco Solido SSD Copious 1TB...,275988,https://www.venex.com.ar/products_images/thumb/1785350296_disco_solido_ssd_copious_1tb_m2_nvme_pcie_30_3500mbsjpg,smartwatch,https://www.venex.com.ar/componentes-de-pc/discos-solidos-ssd/disco-solido-ssd-copious-1tb-m-2-nvme-pcie-3-0-3500mb-s.html
Teclado Mecánico Fantech...,105788,https://www.venex.com.ar/products_images/thumb/1770645836_maxfitpng,smartwatch,https://www.venex.com.ar/perifericos/teclados/teclado-inalambrico-fantech-maxfit8-mk921-black-brown-switch-rgb.html
Joystick Redragon G831 Wargrip...,135699,https://www.venex.com.ar/products_images/thumb/1788967846_joystick_redragon_g831_wargrip_pcps5___base_de_carga_1png,smartwatch,https://www.venex.com.ar/perifericos/joysticks-volantes-y-simuladores/joystick-redragon-g831-wargrip-pc-ps5-base-de-carga.html
Monitor Gamer Gigabyte GS25F14...,218488,https://www.venex.com.ar/products_images/thumb/1788200130_monitor_gamer_gigabyte_gs25f14_25_fhd_ips_144hz_1png,smartwatch,https://www.venex.com.ar/monitores/19-a-26-pulgadas/monitor-gamer-gigabyte-gs25f14-25-fhd-ips-144hz.html
Camara IP Ezviz H9C Dual Lens...,137999,https://www.venex.com.ar/products_images/thumb/1787574017_camara_ip_ezviz_h9c_dual_lens_cam_2k_3emp_exterior_1png,smartwatch,https://www.venex.com.ar/camaras-ip/camara-ip-ezviz-h9c-dual-lens-cam-2k-3emp-exterior.html
Cerradura Inteligente Ezviz...,183999,https://www.venex.com.ar/products_images/thumb/1787575207_cerradura_inteligente_ezviz_dl03_con_huella_1png,smartwatch,https://www.venex.com.ar/camaras-ip/cerradura-inteligente-ezviz-dl03-con-huella.html
Scanner Epson Perfection V39II...,201249,https://www.venex.com.ar/products_images/thumb/1788461058_scanner_epson_perfection_v39ii_cama_plana_a4_usb_1png,smartwatch,https://www.venex.com.ar/impresion-y-scanners/scanner-epson-perfection-v39ii-cama-plana-a4-usb.html
Camara IP Cloud Tp-Link TAPO C210,49449,https://www.venex.com.ar/products_images/thumb/1713885803_cam1.jpg,camaras-ip,https://www.venex.com.ar/camaras-ip/camara-ip-cloud-tp-link-tapo-c210.html
Camara IP Ezviz H6C 4MM 360 2MP Interior,55199,https://www.venex.com.ar/products_images/thumb/1749752715_1.jpg,camaras-ip,https://www.venex.com.ar/camaras-ip/camara-ip-ezviz-h6c-4mm-360-2mp-interior.html
Camara IP Cloud TP-Link Tapo C220 2K QHD,63824,https://www.venex.com.ar/products_images/thumb/1748435272_1.jpg,camaras-ip,https://www.venex.com.ar/camaras-ip/camara-ip-cloud-tp-link-tapo-c220-2k-qhd.html
Camara Ip Cloud TP-Link Tapo C500 P/Exterior Domo,73599,https://www.venex.com.ar/products_images/thumb/1694458500_tapo-2.jpg,camaras-ip,https://www.venex.com.ar/camaras-ip/camara-ip-cloud-tp-link-tapo-c500-p-exterior-domo.html
Camara IP Ezviz H3C 2.8mm 2K Exterior,80499,https://www.venex.com.ar/products_images/thumb/1788456731_1png,camaras-ip,https://www.venex.com.ar/camaras-ip/camara-ip-ezviz-h3c-2-8mm-2k-exterior.html
Camara IP Ezviz H8C 4MM PT 360 2MP Exterior,89699,https://www.venex.com.ar/products_images/thumb/1749818529_1.jpg,camaras-ip,https://www.venex.com.ar/camaras-ip/camara-ip-ezviz-h8c-4mm-pt-360-2mp-exterior.html
Camara Ip Ezviz H7C Dual Lens Cam 2k + 4Mp Interior,94299,https://www.venex.com.ar/products_images/thumb/1779909489_diseno_sin_titulo_86jpg,camaras-ip,https://www.venex.com.ar/camaras-ip/camara-ip-ezviz-h7c-dual-lens-cam-2k-4mp-interior.html
Camara Wifi Ezviz BM1 2mp Baby Call Monitor,94299,https://www.venex.com.ar/products_images/thumb/1752237179_3.jpg,camaras-ip,https://www.venex.com.ar/camaras-ip/camara-ip-ezviz-bm1-2mp-rabbit-baby-call-monitor.html
Camara Ip Cloud TP-LINK Tapo C425 2K QHD,137999,https://www.venex.com.ar/products_images/thumb/1786134119_camara_ip_cloud_tp-link_tapo_c425_2k_qhd_1png,camaras-ip,https://www.venex.com.ar/camaras-ip/camara-ip-cloud-tp-link-tapo-c425-2k-qhd.html
Camara IP Ezviz H9C Dual Lens Cam 2K 3EMP Exterior,137999,https://www.venex.com.ar/products_images/thumb/1787574017_camara_ip_ezviz_h9c_dual_lens_cam_2k_3emp_exterior_1png,camaras-ip,https://www.venex.com.ar/camaras-ip/camara-ip-ezviz-h9c-dual-lens-cam-2k-3emp-exterior.html
Cerradura Inteligente Ezviz DL03 Con Huella,183999,https://www.venex.com.ar/products_images/thumb/1787575207_cerradura_inteligente_ezviz_dl03_con_huella_1png,camaras-ip,https://www.venex.com.ar/camaras-ip/cerradura-inteligente-ezviz-dl03-con-huella.html
Cerradura Ezviz Inteligente DL05 Con Huella Multilock,293249,https://www.venex.com.ar/products_images/thumb/1785246855_cerradura_ezviz_inteligente_dl05_con_huella_multilock_1png,camaras-ip,https://www.venex.com.ar/camaras-ip/cerradura-ezviz-inteligente-dl05-con-huella-multilock.html
Cable Riser 80Cm V0011 Pro 6 Pines Molex Mineria,1149,https://www.venex.com.ar/products_images/thumb/1646325485_asas.jpg,accesorios,https://www.venex.com.ar/accesorios/cables/cable-riser-80cm-v0011-pro-6-pines-molex-mineria.html
Cable USB Hembra-Mini USB C76-OTG,1724,https://www.venex.com.ar/products_images/thumb/1700836951_adaptador.jpg,accesorios,https://www.venex.com.ar/accesorios/cables/cable-usb-hembra-mini-usb-c76-otg.html
Cable SATA Datos,3449,https://www.venex.com.ar/products_images/thumb/1588630544_sata.jpg,accesorios,https://www.venex.com.ar/accesorios/cables/cable-sata-datos-poder.html
Cable Adaptador Doble Jack Audio y Microfono Mallado,4024,https://www.venex.com.ar/products_images/thumb/1774029360_cable_adaptador_doble_jack_audio_y_microfono_malladopng,accesorios,https://www.venex.com.ar/accesorios/cables/cable-adaptador-doble-jack-audio-y-microfono-mallado.html
Adaptador NGFF M.2 a PCI-E USB 3.0 Mineria,3932,https://www.venex.com.ar/products_images/thumb/1646325395_klklkl.jpg,accesorios,https://www.venex.com.ar/accesorios/cables/adaptador-ngff-m-2-a-pci-e-usb-3-0-mineria.html
Cable de Red RJ-45 2M,4599,https://www.venex.com.ar/products_images/thumb/1587752209_4da52c7b8e8c4f4db369cdfba5826ef6.jpg,accesorios,https://www.venex.com.ar/accesorios/cables/cable-de-red-rj-45-2m.html
Cable HDMI-HDMI M-M Comun 1.5M,4599,https://www.venex.com.ar/products_images/thumb/1787836586_cable_hdmi-hdmi_m-m_comun_15mpng,accesorios,https://www.venex.com.ar/accesorios/cables/cable-hdmi-hdmi-m-m-comun-1-5m.html
"Cable Generico DVI-I DVI-I M-M Común 1,8Mts",5289,https://www.venex.com.ar/products_images/thumb/1703860396_cable.jpg,accesorios,https://www.venex.com.ar/accesorios/cables/cable-dvi-dvi-m-m-comun-1-8m.html
Adaptador Genius ACC-C2A USB-A a Tipo C,5749,https://www.venex.com.ar/products_images/thumb/1747666060_1.jpg,accesorios,https://www.venex.com.ar/accesorios/cables/adaptador-genius-acc-c2a.html
Funda Tablet 10.1 Venex,5231,https://www.venex.com.ar/products_images/thumb/1699034377_venex-1.jpg,accesorios,https://www.venex.com.ar/accesorios/fundas-y-mochilas/funda-tablet-10-1-venex.html
Cable de Red RJ-45 3M,6899,https://www.venex.com.ar/products_images/thumb/1587752258_4da52c7b8e8c4f4db369cdfba5826ef6.jpg,accesorios,https://www.venex.com.ar/accesorios/cables/cable-de-red-rj-45-3m.html
Funda Tablet 7 Con Teclado Azul,6531,https://www.venex.com.ar/products_images/thumb/1764257260_235.jpg,accesorios,https://www.venex.com.ar/accesorios/fundas-y-mochilas/funda-tablet-7-con-teclado-azul.html
